unit,year,type,question,fileName,questionType
U1,2001,Q,1,U1_2001_Q_01,Energy&Work
U1,2001,Q,2,U1_2001_Q_02,Force
U1,2001,Q,3,U1_2001_Q_03,UniformAcceleratedMotion
U1,2001,Q,4,U1_2001_Q_04,Force
U1,2001,Q,5,U1_2001_Q_05,UniformAcceleratedMotion
U1,2001,Q,6,U1_2001_Q_06,UniformAcceleratedMotion
U1,2001,Q,7,U1_2001_Q_07,Momentum
U1,2001,Q,8,U1_2001_Q_08,Energy&Work
U1,2001,Q,9,U1_2001_Q_09,YoungModulus
U1,2001,Q,10,U1_2001_Q_10,Fluid
U1,2001,Q,11,U1_2001_Q_11,UniformAcceleratedMotion
U1,2001,Q,12,U1_2001_Q_12,Fluid
U1,2001,Q,13,U1_2001_Q_13,Moment
U1,2001,Q,14,U1_2001_Q_14,YoungModulus
U1,2001,Q,15,U1_2001_Q_15,UniformAcceleratedMotion
U1,2001,Q,16,U1_2001_Q_16,Momentum
U1,2001,Q,17,U1_2001_Q_17,YoungModulus
U1,2001,Q,18,U1_2001_Q_18,YoungModulus
U1,2001,Q,19,U1_2001_Q_19,Fluid
U1,2006,Q,1,U1_2006_Q_01,Energy&Work
U1,2006,Q,2,U1_2006_Q_02,Force
U1,2006,Q,3,U1_2006_Q_03,Energy&Work
U1,2006,Q,4,U1_2006_Q_04,UniformAcceleratedMotion
U1,2006,Q,5,U1_2006_Q_05,UniformAcceleratedMotion
U1,2006,Q,6,U1_2006_Q_06,Energy&Work
U1,2006,Q,7,U1_2006_Q_07,UniformAcceleratedMotion
U1,2006,Q,8,U1_2006_Q_08,YoungModulus
U1,2006,Q,9,U1_2006_Q_09,UniformAcceleratedMotion
U1,2006,Q,10,U1_2006_Q_10,UniformAcceleratedMotion
U1,2006,Q,11,U1_2006_Q_11,Energy&Work
U1,2006,Q,12,U1_2006_Q_12,Force
U1,2006,Q,13,U1_2006_Q_13,Moment
U1,2006,Q,14,U1_2006_Q_14,UniformAcceleratedMotion
U1,2006,Q,15,U1_2006_Q_15,Fluid
U1,2006,Q,16,U1_2006_Q_16,YoungModulus
U1,2006,Q,17,U1_2006_Q_17,UniformAcceleratedMotion
U1,2006,Q,18,U1_2006_Q_18,Momentum
U1,2006,Q,19,U1_2006_Q_19,YoungModulus
U1,2101,Q,1,U1_2101_Q_01,UniformAcceleratedMotion
U1,2101,Q,2,U1_2101_Q_02,Energy&Work
U1,2101,Q,3,U1_2101_Q_03,UniformAcceleratedMotion
U1,2101,Q,4,U1_2101_Q_04,UniformAcceleratedMotion
U1,2101,Q,5,U1_2101_Q_05,YoungModulus
U1,2101,Q,6,U1_2101_Q_06,Momentum
U1,2101,Q,7,U1_2101_Q_07,Fluid
U1,2101,Q,8,U1_2101_Q_08,Fluid
U1,2101,Q,9,U1_2101_Q_09,Force
U1,2101,Q,10,U1_2101_Q_10,Energy&Work
U1,2101,Q,11,U1_2101_Q_11,Moment
U1,2101,Q,12,U1_2101_Q_12,Energy&Work
U1,2101,Q,13,U1_2101_Q_13,UniformAcceleratedMotion
U1,2101,Q,14,U1_2101_Q_14,Momentum
U1,2101,Q,15,U1_2101_Q_15,Energy&Work
U1,2101,Q,16,U1_2101_Q_16,YoungModulus
U1,2101,Q,17,U1_2101_Q_17,Force
U1,2101,Q,18,U1_2101_Q_18,Fluid
U1,2106,Q,1,U1_2106_Q_01,Moment
U1,2106,Q,2,U1_2106_Q_02,Fluid
U1,2106,Q,3,U1_2106_Q_03,Force
U1,2106,Q,4,U1_2106_Q_04,Energy&Work
U1,2106,Q,5,U1_2106_Q_05,YoungModulus
U1,2106,Q,6,U1_2106_Q_06,Energy&Work
U1,2106,Q,7,U1_2106_Q_07,Force
U1,2106,Q,8,U1_2106_Q_08,Force
U1,2106,Q,9,U1_2106_Q_09,YoungModulus
U1,2106,Q,10,U1_2106_Q_10,Force
U1,2106,Q,11,U1_2106_Q_11,Momentum
U1,2106,Q,12,U1_2106_Q_12,UniformAcceleratedMotion
U1,2106,Q,13,U1_2106_Q_13,Fluid
U1,2106,Q,14,U1_2106_Q_14,UniformAcceleratedMotion
U1,2106,Q,15,U1_2106_Q_15,Force
U1,2106,Q,16,U1_2106_Q_16,Energy&Work
U1,2106,Q,17,U1_2106_Q_17,YoungModulus
U1,2106,Q,18,U1_2106_Q_18,Fluid
U1,2110,Q,1,U1_2110_Q_01,UniformAcceleratedMotion
U1,2110,Q,2,U1_2110_Q_02,Force
U1,2110,Q,3,U1_2110_Q_03,YoungModulus
U1,2110,Q,4,U1_2110_Q_04,UniformAcceleratedMotion
U1,2110,Q,5,U1_2110_Q_05,Moment
U1,2110,Q,6,U1_2110_Q_06,Force
U1,2110,Q,7,U1_2110_Q_07,UniformAcceleratedMotion
U1,2110,Q,8,U1_2110_Q_08,Energy&Work
U1,2110,Q,9,U1_2110_Q_09,Fluid
U1,2110,Q,10,U1_2110_Q_10,Force
U1,2110,Q,11,U1_2110_Q_11,Energy&Work
U1,2110,Q,12,U1_2110_Q_12,Momentum
U1,2110,Q,13,U1_2110_Q_13,UniformAcceleratedMotion
U1,2110,Q,14,U1_2110_Q_14,YoungModulus
U1,2110,Q,15,U1_2110_Q_15,Force
U1,2110,Q,16,U1_2110_Q_16,UniformAcceleratedMotion
U1,2110,Q,17,U1_2110_Q_17,Fluid
U1,2110,Q,18,U1_2110_Q_18,Energy&Work
U1,2110,Q,19,U1_2110_Q_19,Moment
U1,2201,Q,1,U1_2201_Q_01,UniformAcceleratedMotion
U1,2201,Q,2,U1_2201_Q_02,Force
U1,2201,Q,3,U1_2201_Q_03,UniformAcceleratedMotion
U1,2201,Q,4,U1_2201_Q_04,Force
U1,2201,Q,5,U1_2201_Q_05,UniformAcceleratedMotion
U1,2201,Q,6,U1_2201_Q_06,Force
U1,2201,Q,7,U1_2201_Q_07,Force
U1,2201,Q,8,U1_2201_Q_08,YoungModulus
U1,2201,Q,9,U1_2201_Q_09,Moment
U1,2201,Q,10,U1_2201_Q_10,Energy&Work
U1,2201,Q,11,U1_2201_Q_11,Momentum
U1,2201,Q,12,U1_2201_Q_12,Energy&Work
U1,2201,Q,13,U1_2201_Q_13,YoungModulus
U1,2201,Q,14,U1_2201_Q_14,Force
U1,2201,Q,15,U1_2201_Q_15,Fluid
U1,2201,Q,16,U1_2201_Q_16,Energy&Work
U1,2201,Q,17,U1_2201_Q_17,Fluid
U1,2201,Q,18,U1_2201_Q_18,UniformAcceleratedMotion
U1,2206,Q,1,U1_2206_Q_01,Energy&Work
U1,2206,Q,2,U1_2206_Q_02,Fluid
U1,2206,Q,3,U1_2206_Q_03,Energy&Work
U1,2206,Q,4,U1_2206_Q_04,YoungModulus
U1,2206,Q,5,U1_2206_Q_05,Force
U1,2206,Q,6,U1_2206_Q_06,UniformAcceleratedMotion
U1,2206,Q,7,U1_2206_Q_07,YoungModulus
U1,2206,Q,8,U1_2206_Q_08,UniformAcceleratedMotion
U1,2206,Q,9,U1_2206_Q_09,Energy&Work
U1,2206,Q,10,U1_2206_Q_10,YoungModulus
U1,2206,Q,11,U1_2206_Q_11,Force
U1,2206,Q,12,U1_2206_Q_12,YoungModulus
U1,2206,Q,13,U1_2206_Q_13,Moment
U1,2206,Q,14,U1_2206_Q_14,Energy&Work
U1,2206,Q,15,U1_2206_Q_15,Fluid
U1,2206,Q,16,U1_2206_Q_16,Force
U1,2206,Q,17,U1_2206_Q_17,Momentum
U1,2206,Q,18,U1_2206_Q_18,UniformAcceleratedMotion
U1,2206,Q,19,U1_2206_Q_19,Fluid
U1,2210,Q,1,U1_2210_Q_01,UniformAcceleratedMotion
U1,2210,Q,2,U1_2210_Q_02,Energy&Work
U1,2210,Q,3,U1_2210_Q_03,Fluid
U1,2210,Q,4,U1_2210_Q_04,UniformAcceleratedMotion
U1,2210,Q,5,U1_2210_Q_05,YoungModulus
U1,2210,Q,6,U1_2210_Q_06,Energy&Work
U1,2210,Q,7,U1_2210_Q_07,Force
U1,2210,Q,8,U1_2210_Q_08,YoungModulus
U1,2210,Q,9,U1_2210_Q_09,Energy&Work
U1,2210,Q,10,U1_2210_Q_10,Energy&Work
U1,2210,Q,11,U1_2210_Q_11,Energy&Work
U1,2210,Q,12,U1_2210_Q_12,YoungModulus
U1,2210,Q,13,U1_2210_Q_13,Moment
U1,2210,Q,14,U1_2210_Q_14,Fluid
U1,2210,Q,15,U1_2210_Q_15,UniformAcceleratedMotion
U1,2210,Q,16,U1_2210_Q_16,Momentum
U1,2210,Q,17,U1_2210_Q_17,Fluid
U1,2210,Q,18,U1_2210_Q_18,Force
U1,2210,Q,19,U1_2210_Q_19,Energy&Work
U1,2301,Q,1,U1_2301_Q_01,Energy&Work
U1,2301,Q,2,U1_2301_Q_02,Force
U1,2301,Q,3,U1_2301_Q_03,YoungModulus
U1,2301,Q,4,U1_2301_Q_04,Fluid
U1,2301,Q,5,U1_2301_Q_05,UniformAcceleratedMotion
U1,2301,Q,6,U1_2301_Q_06,Force
U1,2301,Q,7,U1_2301_Q_07,UniformAcceleratedMotion
U1,2301,Q,8,U1_2301_Q_08,Energy&Work
U1,2301,Q,9,U1_2301_Q_09,YoungModulus
U1,2301,Q,10,U1_2301_Q_10,Force
U1,2301,Q,11,U1_2301_Q_11,UniformAcceleratedMotion
U1,2301,Q,12,U1_2301_Q_12,UniformAcceleratedMotion
U1,2301,Q,13,U1_2301_Q_13,Fluid
U1,2301,Q,14,U1_2301_Q_14,Moment
U1,2301,Q,15,U1_2301_Q_15,YoungModulus
U1,2301,Q,16,U1_2301_Q_16,Momentum
U1,2301,Q,17,U1_2301_Q_17,Energy&Work
U1,2301,Q,18,U1_2301_Q_18,Fluid
U1,2306,Q,1,U1_2306_Q_01,Energy&Work
U1,2306,Q,2,U1_2306_Q_02,Energy&Work
U1,2306,Q,3,U1_2306_Q_03,YoungModulus
U1,2306,Q,4,U1_2306_Q_04,YoungModulus
U1,2306,Q,5,U1_2306_Q_05,Force
U1,2306,Q,6,U1_2306_Q_06,UniformAcceleratedMotion
U1,2306,Q,7,U1_2306_Q_07,UniformAcceleratedMotion
U1,2306,Q,8,U1_2306_Q_08,Energy&Work
U1,2306,Q,9,U1_2306_Q_09,Fluid
U1,2306,Q,10,U1_2306_Q_10,YoungModulus
U1,2306,Q,11,U1_2306_Q_11,Force
U1,2306,Q,12,U1_2306_Q_12,UniformAcceleratedMotion
U1,2306,Q,13,U1_2306_Q_13,Energy&Work
U1,2306,Q,14,U1_2306_Q_14,UniformAcceleratedMotion
U1,2306,Q,15,U1_2306_Q_15,Momentum
U1,2306,Q,16,U1_2306_Q_16,Fluid
U1,2306,Q,17,U1_2306_Q_17,Fluid
U1,2306,Q,18,U1_2306_Q_18,Force
U1,2306,Q,19,U1_2306_Q_19,Energy&Work
U1,2306,Q,20,U1_2306_Q_20,YoungModulus
U1,2310,Q,1,U1_2310_Q_01,Energy&Work
U1,2310,Q,2,U1_2310_Q_02,Momentum
U1,2310,Q,3,U1_2310_Q_03,YoungModulus
U1,2310,Q,4,U1_2310_Q_04,UniformAcceleratedMotion
U1,2310,Q,5,U1_2310_Q_05,Energy&Work
U1,2310,Q,6,U1_2310_Q_06,Energy&Work
U1,2310,Q,7,U1_2310_Q_07,Energy&Work
U1,2310,Q,8,U1_2310_Q_08,YoungModulus
U1,2310,Q,9,U1_2310_Q_09,Force
U1,2310,Q,10,U1_2310_Q_10,Energy&Work
U1,2310,Q,11,U1_2310_Q_11,Force
U1,2310,Q,12,U1_2310_Q_12,Momentum
U1,2310,Q,13,U1_2310_Q_13,UniformAcceleratedMotion
U1,2310,Q,14,U1_2310_Q_14,Force
U1,2310,Q,15,U1_2310_Q_15,Moment
U1,2310,Q,16,U1_2310_Q_16,YoungModulus
U1,2310,Q,17,U1_2310_Q_17,Fluid
U1,2310,Q,18,U1_2310_Q_18,Fluid
U1,2001,A,1,U1_2001_Q_01,Energy&Work
U1,2001,A,2,U1_2001_Q_02,Force
U1,2001,A,3,U1_2001_Q_03,UniformAcceleratedMotion
U1,2001,A,4,U1_2001_Q_04,Force
U1,2001,A,5,U1_2001_Q_05,UniformAcceleratedMotion
U1,2001,A,6,U1_2001_Q_06,UniformAcceleratedMotion
U1,2001,A,7,U1_2001_Q_07,Momentum
U1,2001,A,8,U1_2001_Q_08,Energy&Work
U1,2001,A,9,U1_2001_Q_09,YoungModulus
U1,2001,A,10,U1_2001_Q_10,Fluid
U1,2001,A,11,U1_2001_Q_11,UniformAcceleratedMotion
U1,2001,A,12,U1_2001_Q_12,Fluid
U1,2001,A,13,U1_2001_Q_13,Moment
U1,2001,A,14,U1_2001_Q_14,YoungModulus
U1,2001,A,15,U1_2001_Q_15,UniformAcceleratedMotion
U1,2001,A,16,U1_2001_Q_16,Momentum
U1,2001,A,17,U1_2001_Q_17,YoungModulus
U1,2001,A,18,U1_2001_Q_18,YoungModulus
U1,2001,A,19,U1_2001_Q_19,Fluid
U1,2006,A,1,U1_2006_Q_01,Energy&Work
U1,2006,A,2,U1_2006_Q_02,Force
U1,2006,A,3,U1_2006_Q_03,Energy&Work
U1,2006,A,4,U1_2006_Q_04,UniformAcceleratedMotion
U1,2006,A,5,U1_2006_Q_05,UniformAcceleratedMotion
U1,2006,A,6,U1_2006_Q_06,Energy&Work
U1,2006,A,7,U1_2006_Q_07,UniformAcceleratedMotion
U1,2006,A,8,U1_2006_Q_08,YoungModulus
U1,2006,A,9,U1_2006_Q_09,UniformAcceleratedMotion
U1,2006,A,10,U1_2006_Q_10,UniformAcceleratedMotion
U1,2006,A,11,U1_2006_Q_11,Energy&Work
U1,2006,A,12,U1_2006_Q_12,Force
U1,2006,A,13,U1_2006_Q_13,Moment
U1,2006,A,14,U1_2006_Q_14,UniformAcceleratedMotion
U1,2006,A,15,U1_2006_Q_15,Fluid
U1,2006,A,16,U1_2006_Q_16,YoungModulus
U1,2006,A,17,U1_2006_Q_17,UniformAcceleratedMotion
U1,2006,A,18,U1_2006_Q_18,Momentum
U1,2006,A,19,U1_2006_Q_19,YoungModulus
U1,2101,A,1,U1_2101_Q_01,UniformAcceleratedMotion
U1,2101,A,2,U1_2101_Q_02,Energy&Work
U1,2101,A,3,U1_2101_Q_03,UniformAcceleratedMotion
U1,2101,A,4,U1_2101_Q_04,UniformAcceleratedMotion
U1,2101,A,5,U1_2101_Q_05,YoungModulus
U1,2101,A,6,U1_2101_Q_06,Momentum
U1,2101,A,7,U1_2101_Q_07,Fluid
U1,2101,A,8,U1_2101_Q_08,Fluid
U1,2101,A,9,U1_2101_Q_09,Force
U1,2101,A,10,U1_2101_Q_10,Energy&Work
U1,2101,A,11,U1_2101_Q_11,Moment
U1,2101,A,12,U1_2101_Q_12,Energy&Work
U1,2101,A,13,U1_2101_Q_13,UniformAcceleratedMotion
U1,2101,A,14,U1_2101_Q_14,Momentum
U1,2101,A,15,U1_2101_Q_15,Energy&Work
U1,2101,A,16,U1_2101_Q_16,YoungModulus
U1,2101,A,17,U1_2101_Q_17,Force
U1,2101,A,18,U1_2101_Q_18,Fluid
U1,2106,A,1,U1_2106_Q_01,Moment
U1,2106,A,2,U1_2106_Q_02,Fluid
U1,2106,A,3,U1_2106_Q_03,Force
U1,2106,A,4,U1_2106_Q_04,Energy&Work
U1,2106,A,5,U1_2106_Q_05,YoungModulus
U1,2106,A,6,U1_2106_Q_06,Energy&Work
U1,2106,A,7,U1_2106_Q_07,Force
U1,2106,A,8,U1_2106_Q_08,Force
U1,2106,A,9,U1_2106_Q_09,YoungModulus
U1,2106,A,10,U1_2106_Q_10,Force
U1,2106,A,11,U1_2106_Q_11,Momentum
U1,2106,A,12,U1_2106_Q_12,UniformAcceleratedMotion
U1,2106,A,13,U1_2106_Q_13,Fluid
U1,2106,A,14,U1_2106_Q_14,UniformAcceleratedMotion
U1,2106,A,15,U1_2106_Q_15,Force
U1,2106,A,16,U1_2106_Q_16,Energy&Work
U1,2106,A,17,U1_2106_Q_17,YoungModulus
U1,2106,A,18,U1_2106_Q_18,Fluid
U1,2110,A,1,U1_2110_Q_01,UniformAcceleratedMotion
U1,2110,A,2,U1_2110_Q_02,Force
U1,2110,A,3,U1_2110_Q_03,YoungModulus
U1,2110,A,4,U1_2110_Q_04,UniformAcceleratedMotion
U1,2110,A,5,U1_2110_Q_05,Moment
U1,2110,A,6,U1_2110_Q_06,Force
U1,2110,A,7,U1_2110_Q_07,UniformAcceleratedMotion
U1,2110,A,8,U1_2110_Q_08,Energy&Work
U1,2110,A,9,U1_2110_Q_09,Fluid
U1,2110,A,10,U1_2110_Q_10,Force
U1,2110,A,11,U1_2110_Q_11,Energy&Work
U1,2110,A,12,U1_2110_Q_12,Momentum
U1,2110,A,13,U1_2110_Q_13,UniformAcceleratedMotion
U1,2110,A,14,U1_2110_Q_14,YoungModulus
U1,2110,A,15,U1_2110_Q_15,Force
U1,2110,A,16,U1_2110_Q_16,UniformAcceleratedMotion
U1,2110,A,17,U1_2110_Q_17,Fluid
U1,2110,A,18,U1_2110_Q_18,Energy&Work
U1,2110,A,19,U1_2110_Q_19,Moment
U1,2201,A,1,U1_2201_Q_01,UniformAcceleratedMotion
U1,2201,A,2,U1_2201_Q_02,Force
U1,2201,A,3,U1_2201_Q_03,UniformAcceleratedMotion
U1,2201,A,4,U1_2201_Q_04,Force
U1,2201,A,5,U1_2201_Q_05,UniformAcceleratedMotion
U1,2201,A,6,U1_2201_Q_06,Force
U1,2201,A,7,U1_2201_Q_07,Force
U1,2201,A,8,U1_2201_Q_08,YoungModulus
U1,2201,A,9,U1_2201_Q_09,Moment
U1,2201,A,10,U1_2201_Q_10,Energy&Work
U1,2201,A,11,U1_2201_Q_11,Momentum
U1,2201,A,12,U1_2201_Q_12,Energy&Work
U1,2201,A,13,U1_2201_Q_13,YoungModulus
U1,2201,A,14,U1_2201_Q_14,Force
U1,2201,A,15,U1_2201_Q_15,Fluid
U1,2201,A,16,U1_2201_Q_16,Energy&Work
U1,2201,A,17,U1_2201_Q_17,Fluid
U1,2201,A,18,U1_2201_Q_18,UniformAcceleratedMotion
U1,2206,A,1,U1_2206_Q_01,Energy&Work
U1,2206,A,2,U1_2206_Q_02,Fluid
U1,2206,A,3,U1_2206_Q_03,Energy&Work
U1,2206,A,4,U1_2206_Q_04,YoungModulus
U1,2206,A,5,U1_2206_Q_05,Force
U1,2206,A,6,U1_2206_Q_06,UniformAcceleratedMotion
U1,2206,A,7,U1_2206_Q_07,YoungModulus
U1,2206,A,8,U1_2206_Q_08,UniformAcceleratedMotion
U1,2206,A,9,U1_2206_Q_09,Energy&Work
U1,2206,A,10,U1_2206_Q_10,YoungModulus
U1,2206,A,11,U1_2206_Q_11,Force
U1,2206,A,12,U1_2206_Q_12,YoungModulus
U1,2206,A,13,U1_2206_Q_13,Moment
U1,2206,A,14,U1_2206_Q_14,Energy&Work
U1,2206,A,15,U1_2206_Q_15,Fluid
U1,2206,A,16,U1_2206_Q_16,Force
U1,2206,A,17,U1_2206_Q_17,Momentum
U1,2206,A,18,U1_2206_Q_18,UniformAcceleratedMotion
U1,2206,A,19,U1_2206_Q_19,Fluid
U1,2210,A,1,U1_2210_Q_01,UniformAcceleratedMotion
U1,2210,A,2,U1_2210_Q_02,Energy&Work
U1,2210,A,3,U1_2210_Q_03,Fluid
U1,2210,A,4,U1_2210_Q_04,UniformAcceleratedMotion
U1,2210,A,5,U1_2210_Q_05,YoungModulus
U1,2210,A,6,U1_2210_Q_06,Energy&Work
U1,2210,A,7,U1_2210_Q_07,Force
U1,2210,A,8,U1_2210_Q_08,YoungModulus
U1,2210,A,9,U1_2210_Q_09,Energy&Work
U1,2210,A,10,U1_2210_Q_10,Energy&Work
U1,2210,A,11,U1_2210_Q_11,Energy&Work
U1,2210,A,12,U1_2210_Q_12,YoungModulus
U1,2210,A,13,U1_2210_Q_13,Moment
U1,2210,A,14,U1_2210_Q_14,Fluid
U1,2210,A,15,U1_2210_Q_15,UniformAcceleratedMotion
U1,2210,A,16,U1_2210_Q_16,Momentum
U1,2210,A,17,U1_2210_Q_17,Fluid
U1,2210,A,18,U1_2210_Q_18,Force
U1,2210,A,19,U1_2210_Q_19,Energy&Work
U1,2301,A,1,U1_2301_Q_01,Energy&Work
U1,2301,A,2,U1_2301_Q_02,Force
U1,2301,A,3,U1_2301_Q_03,YoungModulus
U1,2301,A,4,U1_2301_Q_04,Fluid
U1,2301,A,5,U1_2301_Q_05,UniformAcceleratedMotion
U1,2301,A,6,U1_2301_Q_06,Force
U1,2301,A,7,U1_2301_Q_07,UniformAcceleratedMotion
U1,2301,A,8,U1_2301_Q_08,Energy&Work
U1,2301,A,9,U1_2301_Q_09,YoungModulus
U1,2301,A,10,U1_2301_Q_10,Force
U1,2301,A,11,U1_2301_Q_11,UniformAcceleratedMotion
U1,2301,A,12,U1_2301_Q_12,UniformAcceleratedMotion
U1,2301,A,13,U1_2301_Q_13,Fluid
U1,2301,A,14,U1_2301_Q_14,Moment
U1,2301,A,15,U1_2301_Q_15,YoungModulus
U1,2301,A,16,U1_2301_Q_16,Momentum
U1,2301,A,17,U1_2301_Q_17,Energy&Work
U1,2301,A,18,U1_2301_Q_18,Fluid
U1,2306,A,1,U1_2306_Q_01,Energy&Work
U1,2306,A,2,U1_2306_Q_02,Energy&Work
U1,2306,A,3,U1_2306_Q_03,YoungModulus
U1,2306,A,4,U1_2306_Q_04,YoungModulus
U1,2306,A,5,U1_2306_Q_05,Force
U1,2306,A,6,U1_2306_Q_06,UniformAcceleratedMotion
U1,2306,A,7,U1_2306_Q_07,UniformAcceleratedMotion
U1,2306,A,8,U1_2306_Q_08,Energy&Work
U1,2306,A,9,U1_2306_Q_09,Fluid
U1,2306,A,10,U1_2306_Q_10,YoungModulus
U1,2306,A,11,U1_2306_Q_11,Force
U1,2306,A,12,U1_2306_Q_12,UniformAcceleratedMotion
U1,2306,A,13,U1_2306_Q_13,Energy&Work
U1,2306,A,14,U1_2306_Q_14,UniformAcceleratedMotion
U1,2306,A,15,U1_2306_Q_15,Momentum
U1,2306,A,16,U1_2306_Q_16,Fluid
U1,2306,A,17,U1_2306_Q_17,Fluid
U1,2306,A,18,U1_2306_Q_18,Force
U1,2306,A,19,U1_2306_Q_19,Energy&Work
U1,2306,A,20,U1_2306_Q_20,YoungModulus
U1,2310,A,1,U1_2310_Q_01,Energy&Work
U1,2310,A,2,U1_2310_Q_02,Momentum
U1,2310,A,3,U1_2310_Q_03,YoungModulus
U1,2310,A,4,U1_2310_Q_04,UniformAcceleratedMotion
U1,2310,A,5,U1_2310_Q_05,Energy&Work
U1,2310,A,6,U1_2310_Q_06,Energy&Work
U1,2310,A,7,U1_2310_Q_07,Energy&Work
U1,2310,A,8,U1_2310_Q_08,YoungModulus
U1,2310,A,9,U1_2310_Q_09,Force
U1,2310,A,10,U1_2310_Q_10,Energy&Work
U1,2310,A,11,U1_2310_Q_11,Force
U1,2310,A,12,U1_2310_Q_12,Momentum
U1,2310,A,13,U1_2310_Q_13,UniformAcceleratedMotion
U1,2310,A,14,U1_2310_Q_14,Force
U1,2310,A,15,U1_2310_Q_15,Moment
U1,2310,A,16,U1_2310_Q_16,YoungModulus
U1,2310,A,17,U1_2310_Q_17,Fluid
U1,2310,A,18,U1_2310_Q_18,Fluid
U4,2001,A,1,U4_2001_A_01,ProbingParticles
U4,2001,A,2,U4_2001_A_02,AdvancedElectric
U4,2001,A,3,U4_2001_A_03,2DMomentum
U4,2001,A,4,U4_2001_A_04,AdvancedElectric
U4,2001,A,5,U4_2001_A_05,AdvancedElectric
U4,2001,A,6,U4_2001_A_06,ProbingParticles
U4,2001,A,7,U4_2001_A_07,AdvancedEM
U4,2001,A,8,U4_2001_A_08,AdvancedElectric
U4,2001,A,9,U4_2001_A_09,2DMomentum
U4,2001,A,10,U4_2001_A_10,ProbingParticles
U4,2001,A,11,U4_2001_A_11,ProbingParticles
U4,2001,A,12,U4_2001_A_12,ParticleZoo
U4,2001,A,13,U4_2001_A_13,2DMomentum
U4,2001,A,14,U4_2001_A_14,CircularMotion
U4,2001,A,15,U4_2001_A_15,ProbingParticles
U4,2001,A,16,U4_2001_A_16,AdvancedElectric
U4,2001,A,17,U4_2001_A_17,AdvancedCircuit
U4,2001,A,18,U4_2001_A_18,AdvancedEM
U4,2001,A,19,U4_2001_A_19,ProbingParticles
U4,2001,Q,1,U4_2001_Q_01,ProbingParticles
U4,2001,Q,2,U4_2001_Q_02,AdvancedElectric
U4,2001,Q,3,U4_2001_Q_03,2DMomentum
U4,2001,Q,4,U4_2001_Q_04,AdvancedElectric
U4,2001,Q,5,U4_2001_Q_05,AdvancedElectric
U4,2001,Q,6,U4_2001_Q_06,ProbingParticles
U4,2001,Q,7,U4_2001_Q_07,AdvancedEM
U4,2001,Q,8,U4_2001_Q_08,AdvancedElectric
U4,2001,Q,9,U4_2001_Q_09,2DMomentum
U4,2001,Q,10,U4_2001_Q_10,ProbingParticles
U4,2001,Q,11,U4_2001_Q_11,ProbingParticles
U4,2001,Q,12,U4_2001_Q_12,ParticleZoo
U4,2001,Q,13,U4_2001_Q_13,2DMomentum
U4,2001,Q,14,U4_2001_Q_14,CircularMotion
U4,2001,Q,15,U4_2001_Q_15,ProbingParticles
U4,2001,Q,16,U4_2001_Q_16,AdvancedElectric
U4,2001,Q,17,U4_2001_Q_17,AdvancedCircuit
U4,2001,Q,18,U4_2001_Q_18,AdvancedEM
U4,2001,Q,19,U4_2001_Q_19,ProbingParticles
U4,2006,A,1,U4_2006_A_01,AdvancedElectric
U4,2006,A,2,U4_2006_A_02,ParticleZoo
U4,2006,A,3,U4_2006_A_03,AdvancedCircuit
U4,2006,A,4,U4_2006_A_04,AdvancedEM
U4,2006,A,5,U4_2006_A_05,2DMomentum
U4,2006,A,6,U4_2006_A_06,AdvancedElectric
U4,2006,A,7,U4_2006_A_07,ProbingParticles
U4,2006,A,8,U4_2006_A_08,AdvancedElectric
U4,2006,A,9,U4_2006_A_09,CircularMotion
U4,2006,A,10,U4_2006_A_10,AdvancedEM
U4,2006,A,11,U4_2006_A_11,AdvancedEM
U4,2006,A,12,U4_2006_A_12,ProbingParticles
U4,2006,A,13,U4_2006_A_13,ParticleZoo
U4,2006,A,14,U4_2006_A_14,ProbingParticles
U4,2006,A,15,U4_2006_A_15,AdvancedEM
U4,2006,A,16,U4_2006_A_16,CircularMotion
U4,2006,A,17,U4_2006_A_17,ProbingParticles
U4,2006,A,18,U4_2006_A_18,ProbingParticles
U4,2006,Q,1,U4_2006_Q_01,AdvancedElectric
U4,2006,Q,2,U4_2006_Q_02,ParticleZoo
U4,2006,Q,3,U4_2006_Q_03,AdvancedCircuit
U4,2006,Q,4,U4_2006_Q_04,AdvancedEM
U4,2006,Q,5,U4_2006_Q_05,2DMomentum
U4,2006,Q,6,U4_2006_Q_06,AdvancedElectric
U4,2006,Q,7,U4_2006_Q_07,ProbingParticles
U4,2006,Q,8,U4_2006_Q_08,AdvancedElectric
U4,2006,Q,9,U4_2006_Q_09,CircularMotion
U4,2006,Q,10,U4_2006_Q_10,AdvancedEM
U4,2006,Q,11,U4_2006_Q_11,AdvancedEM
U4,2006,Q,12,U4_2006_Q_12,ProbingParticles
U4,2006,Q,13,U4_2006_Q_13,ParticleZoo
U4,2006,Q,14,U4_2006_Q_14,ProbingParticles
U4,2006,Q,15,U4_2006_Q_15,AdvancedEM
U4,2006,Q,16,U4_2006_Q_16,CircularMotion
U4,2006,Q,17,U4_2006_Q_17,ProbingParticles
U4,2006,Q,18,U4_2006_Q_18,ProbingParticles
U4,2101,A,1,U4_2101_A_01,AdvancedEM
U4,2101,A,2,U4_2101_A_02,2DMomentum
U4,2101,A,3,U4_2101_A_03,ProbingParticles
U4,2101,A,4,U4_2101_A_04,ProbingParticles
U4,2101,A,5,U4_2101_A_05,AdvancedCircuit
U4,2101,A,6,U4_2101_A_06,ParticleZoo
U4,2101,A,7,U4_2101_A_07,AdvancedElectric
U4,2101,A,8,U4_2101_A_08,AdvancedEM
U4,2101,A,9,U4_2101_A_09,AdvancedElectric
U4,2101,A,10,U4_2101_A_10,AdvancedCircuit
U4,2101,A,11,U4_2101_A_11,AdvancedCircuit
U4,2101,A,12,U4_2101_A_12,CircularMotion
U4,2101,A,13,U4_2101_A_13,ParticleZoo
U4,2101,A,14,U4_2101_A_14,ParticleZoo
U4,2101,A,15,U4_2101_A_15,ProbingParticles
U4,2101,A,16,U4_2101_A_16,AdvancedEM
U4,2101,A,17,U4_2101_A_17,2DMomentum
U4,2101,A,18,U4_2101_A_18,ProbingParticles
U4,2101,A,19,U4_2101_A_19,AdvancedElectric
U4,2101,Q,1,U4_2101_Q_01,AdvancedEM
U4,2101,Q,2,U4_2101_Q_02,2DMomentum
U4,2101,Q,3,U4_2101_Q_03,ProbingParticles
U4,2101,Q,4,U4_2101_Q_04,ProbingParticles
U4,2101,Q,5,U4_2101_Q_05,AdvancedCircuit
U4,2101,Q,6,U4_2101_Q_06,ParticleZoo
U4,2101,Q,7,U4_2101_Q_07,AdvancedElectric
U4,2101,Q,8,U4_2101_Q_08,AdvancedEM
U4,2101,Q,9,U4_2101_Q_09,AdvancedElectric
U4,2101,Q,10,U4_2101_Q_10,AdvancedCircuit
U4,2101,Q,11,U4_2101_Q_11,AdvancedCircuit
U4,2101,Q,12,U4_2101_Q_12,CircularMotion
U4,2101,Q,13,U4_2101_Q_13,ParticleZoo
U4,2101,Q,14,U4_2101_Q_14,ParticleZoo
U4,2101,Q,15,U4_2101_Q_15,ProbingParticles
U4,2101,Q,16,U4_2101_Q_16,AdvancedEM
U4,2101,Q,17,U4_2101_Q_17,2DMomentum
U4,2101,Q,18,U4_2101_Q_18,ProbingParticles
U4,2101,Q,19,U4_2101_Q_19,AdvancedElectric
U4,2106,A,1,U4_2106_A_01,ParticleZoo
U4,2106,A,2,U4_2106_A_02,ProbingParticles
U4,2106,A,3,U4_2106_A_03,ParticleZoo
U4,2106,A,4,U4_2106_A_04,ParticleZoo
U4,2106,A,5,U4_2106_A_05,ProbingParticles
U4,2106,A,6,U4_2106_A_06,AdvancedEM
U4,2106,A,7,U4_2106_A_07,2DMomentum
U4,2106,A,8,U4_2106_A_08,AdvancedElectric
U4,2106,A,9,U4_2106_A_09,AdvancedEM
U4,2106,A,10,U4_2106_A_10,ProbingParticles
U4,2106,A,11,U4_2106_A_11,AdvancedEM
U4,2106,A,12,U4_2106_A_12,2DMomentum
U4,2106,A,13,U4_2106_A_13,CircularMotion
U4,2106,A,14,U4_2106_A_14,AdvancedEM
U4,2106,A,15,U4_2106_A_15,2DMomentum
U4,2106,A,16,U4_2106_A_16,AdvancedElectric
U4,2106,A,17,U4_2106_A_17,AdvancedCircuit
U4,2106,A,18,U4_2106_A_18,ParticleZoo
U4,2106,Q,1,U4_2106_Q_01,ParticleZoo
U4,2106,Q,2,U4_2106_Q_02,ProbingParticles
U4,2106,Q,3,U4_2106_Q_03,ParticleZoo
U4,2106,Q,4,U4_2106_Q_04,ParticleZoo
U4,2106,Q,5,U4_2106_Q_05,ProbingParticles
U4,2106,Q,6,U4_2106_Q_06,AdvancedEM
U4,2106,Q,7,U4_2106_Q_07,2DMomentum
U4,2106,Q,8,U4_2106_Q_08,AdvancedElectric
U4,2106,Q,9,U4_2106_Q_09,AdvancedEM
U4,2106,Q,10,U4_2106_Q_10,ProbingParticles
U4,2106,Q,11,U4_2106_Q_11,AdvancedEM
U4,2106,Q,12,U4_2106_Q_12,2DMomentum
U4,2106,Q,13,U4_2106_Q_13,CircularMotion
U4,2106,Q,14,U4_2106_Q_14,AdvancedEM
U4,2106,Q,15,U4_2106_Q_15,2DMomentum
U4,2106,Q,16,U4_2106_Q_16,AdvancedElectric
U4,2106,Q,17,U4_2106_Q_17,AdvancedCircuit
U4,2106,Q,18,U4_2106_Q_18,ParticleZoo
U4,2110,A,1,U4_2110_A_01,ParticleZoo
U4,2110,A,2,U4_2110_A_02,2DMomentum
U4,2110,A,3,U4_2110_A_03,2DMomentum
U4,2110,A,4,U4_2110_A_04,AdvancedElectric
U4,2110,A,5,U4_2110_A_05,AdvancedEM
U4,2110,A,6,U4_2110_A_06,AdvancedElectric
U4,2110,A,7,U4_2110_A_07,AdvancedCircuit
U4,2110,A,8,U4_2110_A_08,ProbingParticles
U4,2110,A,9,U4_2110_A_09,ParticleZoo
U4,2110,A,10,U4_2110_A_10,AdvancedEM
U4,2110,A,11,U4_2110_A_11,AdvancedElectric
U4,2110,A,12,U4_2110_A_12,CircularMotion
U4,2110,A,13,U4_2110_A_13,ProbingParticles
U4,2110,A,14,U4_2110_A_14,AdvancedElectric
U4,2110,A,15,U4_2110_A_15,2DMomentum
U4,2110,A,16,U4_2110_A_16,AdvancedElectric
U4,2110,A,17,U4_2110_A_17,ParticleZoo
U4,2110,A,18,U4_2110_A_18,ParticleZoo
U4,2110,Q,1,U4_2110_Q_01,ParticleZoo
U4,2110,Q,2,U4_2110_Q_02,2DMomentum
U4,2110,Q,3,U4_2110_Q_03,2DMomentum
U4,2110,Q,4,U4_2110_Q_04,AdvancedElectric
U4,2110,Q,5,U4_2110_Q_05,AdvancedEM
U4,2110,Q,6,U4_2110_Q_06,AdvancedElectric
U4,2110,Q,7,U4_2110_Q_07,AdvancedCircuit
U4,2110,Q,8,U4_2110_Q_08,ProbingParticles
U4,2110,Q,9,U4_2110_Q_09,ParticleZoo
U4,2110,Q,10,U4_2110_Q_10,AdvancedEM
U4,2110,Q,11,U4_2110_Q_11,AdvancedElectric
U4,2110,Q,12,U4_2110_Q_12,CircularMotion
U4,2110,Q,13,U4_2110_Q_13,ProbingParticles
U4,2110,Q,14,U4_2110_Q_14,AdvancedElectric
U4,2110,Q,15,U4_2110_Q_15,2DMomentum
U4,2110,Q,16,U4_2110_Q_16,AdvancedElectric
U4,2110,Q,17,U4_2110_Q_17,ParticleZoo
U4,2110,Q,18,U4_2110_Q_18,ParticleZoo
U4,2201,A,1,U4_2201_A_01,ProbingParticles
U4,2201,A,2,U4_2201_A_02,ParticleZoo
U4,2201,A,3,U4_2201_A_03,2DMomentum
U4,2201,A,4,U4_2201_A_04,2DMomentum
U4,2201,A,5,U4_2201_A_05,ProbingParticles
U4,2201,A,6,U4_2201_A_06,AdvancedElectric
U4,2201,A,7,U4_2201_A_07,AdvancedEM
U4,2201,A,8,U4_2201_A_08,ProbingParticles
U4,2201,A,9,U4_2201_A_09,ProbingParticles
U4,2201,A,10,U4_2201_A_10,CircularMotion
U4,2201,A,11,U4_2201_A_11,AdvancedElectric
U4,2201,A,12,U4_2201_A_12,2DMomentum
U4,2201,A,13,U4_2201_A_13,AdvancedElectric
U4,2201,A,14,U4_2201_A_14,AdvancedCircuit
U4,2201,A,15,U4_2201_A_15,CircularMotion
U4,2201,A,16,U4_2201_A_16,ParticleZoo
U4,2201,A,17,U4_2201_A_17,ParticleZoo
U4,2201,A,18,U4_2201_A_18,AdvancedEM
U4,2201,Q,1,U4_2201_Q_01,ProbingParticles
U4,2201,Q,2,U4_2201_Q_02,ParticleZoo
U4,2201,Q,3,U4_2201_Q_03,2DMomentum
U4,2201,Q,4,U4_2201_Q_04,2DMomentum
U4,2201,Q,5,U4_2201_Q_05,ProbingParticles
U4,2201,Q,6,U4_2201_Q_06,AdvancedElectric
U4,2201,Q,7,U4_2201_Q_07,AdvancedEM
U4,2201,Q,8,U4_2201_Q_08,ProbingParticles
U4,2201,Q,9,U4_2201_Q_09,ProbingParticles
U4,2201,Q,10,U4_2201_Q_10,CircularMotion
U4,2201,Q,11,U4_2201_Q_11,AdvancedElectric
U4,2201,Q,12,U4_2201_Q_12,2DMomentum
U4,2201,Q,13,U4_2201_Q_13,AdvancedElectric
U4,2201,Q,14,U4_2201_Q_14,AdvancedCircuit
U4,2201,Q,15,U4_2201_Q_15,CircularMotion
U4,2201,Q,16,U4_2201_Q_16,ParticleZoo
U4,2201,Q,17,U4_2201_Q_17,ParticleZoo
U4,2201,Q,18,U4_2201_Q_18,AdvancedEM
U4,2206,A,1,U4_2206_A_01,ParticleZoo
U4,2206,A,2,U4_2206_A_02,ParticleZoo
U4,2206,A,3,U4_2206_A_03,AdvancedCircuit
U4,2206,A,4,U4_2206_A_04,AdvancedElectric
U4,2206,A,5,U4_2206_A_05,AdvancedEM
U4,2206,A,6,U4_2206_A_06,ProbingParticles
U4,2206,A,7,U4_2206_A_07,ParticleZoo
U4,2206,A,8,U4_2206_A_08,ProbingParticles
U4,2206,A,9,U4_2206_A_09,AdvancedEM
U4,2206,A,10,U4_2206_A_10,AdvancedEM
U4,2206,A,11,U4_2206_A_11,2DMomentum
U4,2206,A,12,U4_2206_A_12,2DMomentum
U4,2206,A,13,U4_2206_A_13,ProbingParticles
U4,2206,A,14,U4_2206_A_14,ParticleZoo
U4,2206,A,15,U4_2206_A_15,AdvancedCircuit
U4,2206,A,16,U4_2206_A_16,ProbingParticles
U4,2206,A,17,U4_2206_A_17,CircularMotion
U4,2206,A,18,U4_2206_A_18,AdvancedEM
U4,2206,Q,1,U4_2206_Q_01,ParticleZoo
U4,2206,Q,2,U4_2206_Q_02,ParticleZoo
U4,2206,Q,3,U4_2206_Q_03,AdvancedCircuit
U4,2206,Q,4,U4_2206_Q_04,AdvancedElectric
U4,2206,Q,5,U4_2206_Q_05,AdvancedEM
U4,2206,Q,6,U4_2206_Q_06,ProbingParticles
U4,2206,Q,7,U4_2206_Q_07,ParticleZoo
U4,2206,Q,8,U4_2206_Q_08,ProbingParticles
U4,2206,Q,9,U4_2206_Q_09,AdvancedEM
U4,2206,Q,10,U4_2206_Q_10,AdvancedEM
U4,2206,Q,11,U4_2206_Q_11,2DMomentum
U4,2206,Q,12,U4_2206_Q_12,2DMomentum
U4,2206,Q,13,U4_2206_Q_13,ProbingParticles
U4,2206,Q,14,U4_2206_Q_14,ParticleZoo
U4,2206,Q,15,U4_2206_Q_15,AdvancedCircuit
U4,2206,Q,16,U4_2206_Q_16,ProbingParticles
U4,2206,Q,17,U4_2206_Q_17,CircularMotion
U4,2206,Q,18,U4_2206_Q_18,AdvancedEM
U4,2210,A,1,U4_2210_A_01,ParticleZoo
U4,2210,A,2,U4_2210_A_02,ProbingParticles
U4,2210,A,3,U4_2210_A_03,ProbingParticles
U4,2210,A,4,U4_2210_A_04,AdvancedElectric
U4,2210,A,5,U4_2210_A_05,AdvancedCircuit
U4,2210,A,6,U4_2210_A_06,AdvancedEM
U4,2210,A,7,U4_2210_A_07,ParticleZoo
U4,2210,A,8,U4_2210_A_08,ProbingParticles
U4,2210,A,9,U4_2210_A_09,2DMomentum
U4,2210,A,10,U4_2210_A_10,AdvancedEM
U4,2210,A,11,U4_2210_A_11,ParticleZoo
U4,2210,A,12,U4_2210_A_12,AdvancedCircuit
U4,2210,A,13,U4_2210_A_13,ParticleZoo
U4,2210,A,14,U4_2210_A_14,AdvancedEM
U4,2210,A,15,U4_2210_A_15,ProbingParticles
U4,2210,A,16,U4_2210_A_16,2DMomentum
U4,2210,A,17,U4_2210_A_17,CircularMotion
U4,2210,A,18,U4_2210_A_18,ProbingParticles
U4,2210,Q,1,U4_2210_Q_01,ParticleZoo
U4,2210,Q,2,U4_2210_Q_02,ProbingParticles
U4,2210,Q,3,U4_2210_Q_03,ProbingParticles
U4,2210,Q,4,U4_2210_Q_04,AdvancedElectric
U4,2210,Q,5,U4_2210_Q_05,AdvancedCircuit
U4,2210,Q,6,U4_2210_Q_06,AdvancedEM
U4,2210,Q,7,U4_2210_Q_07,ParticleZoo
U4,2210,Q,8,U4_2210_Q_08,ProbingParticles
U4,2210,Q,9,U4_2210_Q_09,2DMomentum
U4,2210,Q,10,U4_2210_Q_10,AdvancedEM
U4,2210,Q,11,U4_2210_Q_11,ParticleZoo
U4,2210,Q,12,U4_2210_Q_12,AdvancedCircuit
U4,2210,Q,13,U4_2210_Q_13,ParticleZoo
U4,2210,Q,14,U4_2210_Q_14,AdvancedEM
U4,2210,Q,15,U4_2210_Q_15,ProbingParticles
U4,2210,Q,16,U4_2210_Q_16,2DMomentum
U4,2210,Q,17,U4_2210_Q_17,CircularMotion
U4,2210,Q,18,U4_2210_Q_18,ProbingParticles
U4,2301,A,1,U4_2301_A_01,ParticleZoo
U4,2301,A,2,U4_2301_A_02,CircularMotion
U4,2301,A,3,U4_2301_A_03,ProbingParticles
U4,2301,A,4,U4_2301_A_04,ParticleZoo
U4,2301,A,5,U4_2301_A_05,ProbingParticles
U4,2301,A,6,U4_2301_A_06,AdvancedElectric
U4,2301,A,7,U4_2301_A_07,ProbingParticles
U4,2301,A,8,U4_2301_A_08,2DMomentum
U4,2301,A,9,U4_2301_A_09,2DMomentum
U4,2301,A,10,U4_2301_A_10,ProbingParticles
U4,2301,A,11,U4_2301_A_11,ParticleZoo
U4,2301,A,12,U4_2301_A_12,AdvancedElectric
U4,2301,A,13,U4_2301_A_13,CircularMotion
U4,2301,A,14,U4_2301_A_14,2DMomentum
U4,2301,A,15,U4_2301_A_15,AdvancedEM
U4,2301,A,16,U4_2301_A_16,AdvancedCircuit
U4,2301,A,17,U4_2301_A_17,AdvancedEM
U4,2301,A,18,U4_2301_A_18,ParticleZoo
U4,2301,Q,1,U4_2301_Q_01,ParticleZoo
U4,2301,Q,2,U4_2301_Q_02,CircularMotion
U4,2301,Q,3,U4_2301_Q_03,ProbingParticles
U4,2301,Q,4,U4_2301_Q_04,ParticleZoo
U4,2301,Q,5,U4_2301_Q_05,ProbingParticles
U4,2301,Q,6,U4_2301_Q_06,AdvancedElectric
U4,2301,Q,7,U4_2301_Q_07,ProbingParticles
U4,2301,Q,8,U4_2301_Q_08,2DMomentum
U4,2301,Q,9,U4_2301_Q_09,2DMomentum
U4,2301,Q,10,U4_2301_Q_10,ProbingParticles
U4,2301,Q,11,U4_2301_Q_11,ParticleZoo
U4,2301,Q,12,U4_2301_Q_12,AdvancedElectric
U4,2301,Q,13,U4_2301_Q_13,CircularMotion
U4,2301,Q,14,U4_2301_Q_14,2DMomentum
U4,2301,Q,15,U4_2301_Q_15,AdvancedEM
U4,2301,Q,16,U4_2301_Q_16,AdvancedCircuit
U4,2301,Q,17,U4_2301_Q_17,AdvancedEM
U4,2301,Q,18,U4_2301_Q_18,ParticleZoo
U4,2306,A,1,U4_2306_A_01,ProbingParticles
U4,2306,A,2,U4_2306_A_02,AdvancedCircuit
U4,2306,A,3,U4_2306_A_03,ParticleZoo
U4,2306,A,4,U4_2306_A_04,2DMomentum
U4,2306,A,5,U4_2306_A_05,ProbingParticles
U4,2306,A,6,U4_2306_A_06,ParticleZoo
U4,2306,A,7,U4_2306_A_07,ParticleZoo
U4,2306,A,8,U4_2306_A_08,ProbingParticles
U4,2306,A,9,U4_2306_A_09,ParticleZoo
U4,2306,A,10,U4_2306_A_10,AdvancedEM
U4,2306,A,11,U4_2306_A_11,ParticleZoo
U4,2306,A,12,U4_2306_A_12,ProbingParticles
U4,2306,A,13,U4_2306_A_13,ProbingParticles
U4,2306,A,14,U4_2306_A_14,2DMomentum
U4,2306,A,15,U4_2306_A_15,CircularMotion
U4,2306,A,16,U4_2306_A_16,AdvancedEM
U4,2306,A,17,U4_2306_A_17,AdvancedElectric
U4,2306,A,18,U4_2306_A_18,AdvancedCircuit
U4,2306,Q,1,U4_2306_Q_01,ProbingParticles
U4,2306,Q,2,U4_2306_Q_02,AdvancedCircuit
U4,2306,Q,3,U4_2306_Q_03,ParticleZoo
U4,2306,Q,4,U4_2306_Q_04,2DMomentum
U4,2306,Q,5,U4_2306_Q_05,ProbingParticles
U4,2306,Q,6,U4_2306_Q_06,ParticleZoo
U4,2306,Q,7,U4_2306_Q_07,ParticleZoo
U4,2306,Q,8,U4_2306_Q_08,ProbingParticles
U4,2306,Q,9,U4_2306_Q_09,ParticleZoo
U4,2306,Q,10,U4_2306_Q_10,AdvancedEM
U4,2306,Q,11,U4_2306_Q_11,ParticleZoo
U4,2306,Q,12,U4_2306_Q_12,ProbingParticles
U4,2306,Q,13,U4_2306_Q_13,ProbingParticles
U4,2306,Q,14,U4_2306_Q_14,2DMomentum
U4,2306,Q,15,U4_2306_Q_15,CircularMotion
U4,2306,Q,16,U4_2306_Q_16,AdvancedEM
U4,2306,Q,17,U4_2306_Q_17,AdvancedElectric
U4,2306,Q,18,U4_2306_Q_18,AdvancedCircuit
U4,2310,A,1,U4_2310_A_01,ParticleZoo
U4,2310,A,2,U4_2310_A_02,2DMomentum
U4,2310,A,3,U4_2310_A_03,ProbingParticles
U4,2310,A,4,U4_2310_A_04,AdvancedEM
U4,2310,A,5,U4_2310_A_05,ProbingParticles
U4,2310,A,6,U4_2310_A_06,ParticleZoo
U4,2310,A,7,U4_2310_A_07,ProbingParticles
U4,2310,A,8,U4_2310_A_08,CircularMotion
U4,2310,A,9,U4_2310_A_09,AdvancedCircuit
U4,2310,A,10,U4_2310_A_10,CircularMotion
U4,2310,A,11,U4_2310_A_11,CircularMotion
U4,2310,A,12,U4_2310_A_12,ProbingParticles
U4,2310,A,13,U4_2310_A_13,AdvancedEM
U4,2310,A,14,U4_2310_A_14,CircularMotion
U4,2310,A,15,U4_2310_A_15,ProbingParticles
U4,2310,A,16,U4_2310_A_16,AdvancedEM
U4,2310,A,17,U4_2310_A_17,AdvancedEM
U4,2310,A,18,U4_2310_A_18,AdvancedCircuit
U4,2310,A,19,U4_2310_A_19,2DMomentum
U4,2310,A,20,U4_2310_A_20,AdvancedCircuit
U4,2310,A,21,U4_2310_A_21,ParticleZoo
U4,2310,A,22,U4_2310_A_22,ProbingParticles
U4,2310,Q,1,U4_2310_Q_01,ParticleZoo
U4,2310,Q,2,U4_2310_Q_02,2DMomentum
U4,2310,Q,3,U4_2310_Q_03,ProbingParticles
U4,2310,Q,4,U4_2310_Q_04,AdvancedEM
U4,2310,Q,5,U4_2310_Q_05,ProbingParticles
U4,2310,Q,6,U4_2310_Q_06,ParticleZoo
U4,2310,Q,7,U4_2310_Q_07,ProbingParticles
U4,2310,Q,8,U4_2310_Q_08,CircularMotion
U4,2310,Q,9,U4_2310_Q_09,AdvancedCircuit
U4,2310,Q,10,U4_2310_Q_10,CircularMotion
U4,2310,Q,11,U4_2310_Q_11,CircularMotion
U4,2310,Q,12,U4_2310_Q_12,ProbingParticles
U4,2310,Q,13,U4_2310_Q_13,AdvancedEM
U4,2310,Q,14,U4_2310_Q_14,CircularMotion
U4,2310,Q,15,U4_2310_Q_15,ProbingParticles
U4,2310,Q,16,U4_2310_Q_16,AdvancedEM
U4,2310,Q,17,U4_2310_Q_17,AdvancedEM
U4,2310,Q,18,U4_2310_Q_18,AdvancedCircuit
U4,2310,Q,19,U4_2310_Q_19,2DMomentum
U4,2310,Q,20,U4_2310_Q_20,AdvancedCircuit
U4,2310,Q,21,U4_2310_Q_21,ParticleZoo
U4,2310,Q,22,U4_2310_Q_22,ProbingParticles
U4,2001,A,1,U4_2001_A_01,ProbingParticles
U4,2001,A,2,U4_2001_A_02,AdvancedElectric
U4,2001,A,3,U4_2001_A_03,2DMomentum
U4,2001,A,4,U4_2001_A_04,AdvancedElectric
U4,2001,A,5,U4_2001_A_05,AdvancedElectric
U4,2001,A,6,U4_2001_A_06,ProbingParticles
U4,2001,A,7,U4_2001_A_07,AdvancedEM
U4,2001,A,8,U4_2001_A_08,AdvancedElectric
U4,2001,A,9,U4_2001_A_09,2DMomentum
U4,2001,A,10,U4_2001_A_10,ProbingParticles
U4,2001,A,11,U4_2001_A_11,ProbingParticles
U4,2001,A,12,U4_2001_A_12,ParticleZoo
U4,2001,A,13,U4_2001_A_13,2DMomentum
U4,2001,A,14,U4_2001_A_14,CircularMotion
U4,2001,A,15,U4_2001_A_15,ProbingParticles
U4,2001,A,16,U4_2001_A_16,AdvancedElectric
U4,2001,A,17,U4_2001_A_17,AdvancedCircuit
U4,2001,A,18,U4_2001_A_18,AdvancedEM
U4,2001,A,19,U4_2001_A_19,ProbingParticles
U4,2001,Q,1,U4_2001_Q_01,ProbingParticles
U4,2001,Q,2,U4_2001_Q_02,AdvancedElectric
U4,2001,Q,3,U4_2001_Q_03,2DMomentum
U4,2001,Q,4,U4_2001_Q_04,AdvancedElectric
U4,2001,Q,5,U4_2001_Q_05,AdvancedElectric
U4,2001,Q,6,U4_2001_Q_06,ProbingParticles
U4,2001,Q,7,U4_2001_Q_07,AdvancedEM
U4,2001,Q,8,U4_2001_Q_08,AdvancedElectric
U4,2001,Q,9,U4_2001_Q_09,2DMomentum
U4,2001,Q,10,U4_2001_Q_10,ProbingParticles
U4,2001,Q,11,U4_2001_Q_11,ProbingParticles
U4,2001,Q,12,U4_2001_Q_12,ParticleZoo
U4,2001,Q,13,U4_2001_Q_13,2DMomentum
U4,2001,Q,14,U4_2001_Q_14,CircularMotion
U4,2001,Q,15,U4_2001_Q_15,ProbingParticles
U4,2001,Q,16,U4_2001_Q_16,AdvancedElectric
U4,2001,Q,17,U4_2001_Q_17,AdvancedCircuit
U4,2001,Q,18,U4_2001_Q_18,AdvancedEM
U4,2001,Q,19,U4_2001_Q_19,ProbingParticles
U4,2006,A,1,U4_2006_A_01,AdvancedElectric
U4,2006,A,2,U4_2006_A_02,ParticleZoo
U4,2006,A,3,U4_2006_A_03,AdvancedCircuit
U4,2006,A,4,U4_2006_A_04,AdvancedEM
U4,2006,A,5,U4_2006_A_05,2DMomentum
U4,2006,A,6,U4_2006_A_06,AdvancedElectric
U4,2006,A,7,U4_2006_A_07,ProbingParticles
U4,2006,A,8,U4_2006_A_08,AdvancedElectric
U4,2006,A,9,U4_2006_A_09,CircularMotion
U4,2006,A,10,U4_2006_A_10,AdvancedEM
U4,2006,A,11,U4_2006_A_11,AdvancedEM
U4,2006,A,12,U4_2006_A_12,ProbingParticles
U4,2006,A,13,U4_2006_A_13,ParticleZoo
U4,2006,A,14,U4_2006_A_14,ProbingParticles
U4,2006,A,15,U4_2006_A_15,AdvancedEM
U4,2006,A,16,U4_2006_A_16,CircularMotion
U4,2006,A,17,U4_2006_A_17,ProbingParticles
U4,2006,A,18,U4_2006_A_18,ProbingParticles
U4,2006,Q,1,U4_2006_Q_01,AdvancedElectric
U4,2006,Q,2,U4_2006_Q_02,ParticleZoo
U4,2006,Q,3,U4_2006_Q_03,AdvancedCircuit
U4,2006,Q,4,U4_2006_Q_04,AdvancedEM
U4,2006,Q,5,U4_2006_Q_05,2DMomentum
U4,2006,Q,6,U4_2006_Q_06,AdvancedElectric
U4,2006,Q,7,U4_2006_Q_07,ProbingParticles
U4,2006,Q,8,U4_2006_Q_08,AdvancedElectric
U4,2006,Q,9,U4_2006_Q_09,CircularMotion
U4,2006,Q,10,U4_2006_Q_10,AdvancedEM
U4,2006,Q,11,U4_2006_Q_11,AdvancedEM
U4,2006,Q,12,U4_2006_Q_12,ProbingParticles
U4,2006,Q,13,U4_2006_Q_13,ParticleZoo
U4,2006,Q,14,U4_2006_Q_14,ProbingParticles
U4,2006,Q,15,U4_2006_Q_15,AdvancedEM
U4,2006,Q,16,U4_2006_Q_16,CircularMotion
U4,2006,Q,17,U4_2006_Q_17,ProbingParticles
U4,2006,Q,18,U4_2006_Q_18,ProbingParticles
U4,2101,A,1,U4_2101_A_01,AdvancedEM
U4,2101,A,2,U4_2101_A_02,2DMomentum
U4,2101,A,3,U4_2101_A_03,ProbingParticles
U4,2101,A,4,U4_2101_A_04,ProbingParticles
U4,2101,A,5,U4_2101_A_05,AdvancedCircuit
U4,2101,A,6,U4_2101_A_06,ParticleZoo
U4,2101,A,7,U4_2101_A_07,AdvancedElectric
U4,2101,A,8,U4_2101_A_08,AdvancedEM
U4,2101,A,9,U4_2101_A_09,AdvancedElectric
U4,2101,A,10,U4_2101_A_10,AdvancedCircuit
U4,2101,A,11,U4_2101_A_11,AdvancedCircuit
U4,2101,A,12,U4_2101_A_12,CircularMotion
U4,2101,A,13,U4_2101_A_13,ParticleZoo
U4,2101,A,14,U4_2101_A_14,ParticleZoo
U4,2101,A,15,U4_2101_A_15,ProbingParticles
U4,2101,A,16,U4_2101_A_16,AdvancedEM
U4,2101,A,17,U4_2101_A_17,2DMomentum
U4,2101,A,18,U4_2101_A_18,ProbingParticles
U4,2101,A,19,U4_2101_A_19,AdvancedElectric
U4,2101,Q,1,U4_2101_Q_01,AdvancedEM
U4,2101,Q,2,U4_2101_Q_02,2DMomentum
U4,2101,Q,3,U4_2101_Q_03,ProbingParticles
U4,2101,Q,4,U4_2101_Q_04,ProbingParticles
U4,2101,Q,5,U4_2101_Q_05,AdvancedCircuit
U4,2101,Q,6,U4_2101_Q_06,ParticleZoo
U4,2101,Q,7,U4_2101_Q_07,AdvancedElectric
U4,2101,Q,8,U4_2101_Q_08,AdvancedEM
U4,2101,Q,9,U4_2101_Q_09,AdvancedElectric
U4,2101,Q,10,U4_2101_Q_10,AdvancedCircuit
U4,2101,Q,11,U4_2101_Q_11,AdvancedCircuit
U4,2101,Q,12,U4_2101_Q_12,CircularMotion
U4,2101,Q,13,U4_2101_Q_13,ParticleZoo
U4,2101,Q,14,U4_2101_Q_14,ParticleZoo
U4,2101,Q,15,U4_2101_Q_15,ProbingParticles
U4,2101,Q,16,U4_2101_Q_16,AdvancedEM
U4,2101,Q,17,U4_2101_Q_17,2DMomentum
U4,2101,Q,18,U4_2101_Q_18,ProbingParticles
U4,2101,Q,19,U4_2101_Q_19,AdvancedElectric
U4,2106,A,1,U4_2106_A_01,ParticleZoo
U4,2106,A,2,U4_2106_A_02,ProbingParticles
U4,2106,A,3,U4_2106_A_03,ParticleZoo
U4,2106,A,4,U4_2106_A_04,ParticleZoo
U4,2106,A,5,U4_2106_A_05,ProbingParticles
U4,2106,A,6,U4_2106_A_06,AdvancedEM
U4,2106,A,7,U4_2106_A_07,2DMomentum
U4,2106,A,8,U4_2106_A_08,AdvancedElectric
U4,2106,A,9,U4_2106_A_09,AdvancedEM
U4,2106,A,10,U4_2106_A_10,ProbingParticles
U4,2106,A,11,U4_2106_A_11,AdvancedEM
U4,2106,A,12,U4_2106_A_12,2DMomentum
U4,2106,A,13,U4_2106_A_13,CircularMotion
U4,2106,A,14,U4_2106_A_14,AdvancedEM
U4,2106,A,15,U4_2106_A_15,2DMomentum
U4,2106,A,16,U4_2106_A_16,AdvancedElectric
U4,2106,A,17,U4_2106_A_17,AdvancedCircuit
U4,2106,A,18,U4_2106_A_18,ParticleZoo
U4,2106,Q,1,U4_2106_Q_01,ParticleZoo
U4,2106,Q,2,U4_2106_Q_02,ProbingParticles
U4,2106,Q,3,U4_2106_Q_03,ParticleZoo
U4,2106,Q,4,U4_2106_Q_04,ParticleZoo
U4,2106,Q,5,U4_2106_Q_05,ProbingParticles
U4,2106,Q,6,U4_2106_Q_06,AdvancedEM
U4,2106,Q,7,U4_2106_Q_07,2DMomentum
U4,2106,Q,8,U4_2106_Q_08,AdvancedElectric
U4,2106,Q,9,U4_2106_Q_09,AdvancedEM
U4,2106,Q,10,U4_2106_Q_10,ProbingParticles
U4,2106,Q,11,U4_2106_Q_11,AdvancedEM
U4,2106,Q,12,U4_2106_Q_12,2DMomentum
U4,2106,Q,13,U4_2106_Q_13,CircularMotion
U4,2106,Q,14,U4_2106_Q_14,AdvancedEM
U4,2106,Q,15,U4_2106_Q_15,2DMomentum
U4,2106,Q,16,U4_2106_Q_16,AdvancedElectric
U4,2106,Q,17,U4_2106_Q_17,AdvancedCircuit
U4,2106,Q,18,U4_2106_Q_18,ParticleZoo
U4,2110,A,1,U4_2110_A_01,ParticleZoo
U4,2110,A,2,U4_2110_A_02,2DMomentum
U4,2110,A,3,U4_2110_A_03,2DMomentum
U4,2110,A,4,U4_2110_A_04,AdvancedElectric
U4,2110,A,5,U4_2110_A_05,AdvancedEM
U4,2110,A,6,U4_2110_A_06,AdvancedElectric
U4,2110,A,7,U4_2110_A_07,AdvancedCircuit
U4,2110,A,8,U4_2110_A_08,ProbingParticles
U4,2110,A,9,U4_2110_A_09,ParticleZoo
U4,2110,A,10,U4_2110_A_10,AdvancedEM
U4,2110,A,11,U4_2110_A_11,AdvancedElectric
U4,2110,A,12,U4_2110_A_12,CircularMotion
U4,2110,A,13,U4_2110_A_13,ProbingParticles
U4,2110,A,14,U4_2110_A_14,AdvancedElectric
U4,2110,A,15,U4_2110_A_15,2DMomentum
U4,2110,A,16,U4_2110_A_16,AdvancedElectric
U4,2110,A,17,U4_2110_A_17,ParticleZoo
U4,2110,A,18,U4_2110_A_18,ParticleZoo
U4,2110,Q,1,U4_2110_Q_01,ParticleZoo
U4,2110,Q,2,U4_2110_Q_02,2DMomentum
U4,2110,Q,3,U4_2110_Q_03,2DMomentum
U4,2110,Q,4,U4_2110_Q_04,AdvancedElectric
U4,2110,Q,5,U4_2110_Q_05,AdvancedEM
U4,2110,Q,6,U4_2110_Q_06,AdvancedElectric
U4,2110,Q,7,U4_2110_Q_07,AdvancedCircuit
U4,2110,Q,8,U4_2110_Q_08,ProbingParticles
U4,2110,Q,9,U4_2110_Q_09,ParticleZoo
U4,2110,Q,10,U4_2110_Q_10,AdvancedEM
U4,2110,Q,11,U4_2110_Q_11,AdvancedElectric
U4,2110,Q,12,U4_2110_Q_12,CircularMotion
U4,2110,Q,13,U4_2110_Q_13,ProbingParticles
U4,2110,Q,14,U4_2110_Q_14,AdvancedElectric
U4,2110,Q,15,U4_2110_Q_15,2DMomentum
U4,2110,Q,16,U4_2110_Q_16,AdvancedElectric
U4,2110,Q,17,U4_2110_Q_17,ParticleZoo
U4,2110,Q,18,U4_2110_Q_18,ParticleZoo
U4,2201,A,1,U4_2201_A_01,ProbingParticles
U4,2201,A,2,U4_2201_A_02,ParticleZoo
U4,2201,A,3,U4_2201_A_03,2DMomentum
U4,2201,A,4,U4_2201_A_04,2DMomentum
U4,2201,A,5,U4_2201_A_05,ProbingParticles
U4,2201,A,6,U4_2201_A_06,AdvancedElectric
U4,2201,A,7,U4_2201_A_07,AdvancedEM
U4,2201,A,8,U4_2201_A_08,ProbingParticles
U4,2201,A,9,U4_2201_A_09,ProbingParticles
U4,2201,A,10,U4_2201_A_10,CircularMotion
U4,2201,A,11,U4_2201_A_11,AdvancedElectric
U4,2201,A,12,U4_2201_A_12,2DMomentum
U4,2201,A,13,U4_2201_A_13,AdvancedElectric
U4,2201,A,14,U4_2201_A_14,AdvancedCircuit
U4,2201,A,15,U4_2201_A_15,CircularMotion
U4,2201,A,16,U4_2201_A_16,ParticleZoo
U4,2201,A,17,U4_2201_A_17,ParticleZoo
U4,2201,A,18,U4_2201_A_18,AdvancedEM
U4,2201,Q,1,U4_2201_Q_01,ProbingParticles
U4,2201,Q,2,U4_2201_Q_02,ParticleZoo
U4,2201,Q,3,U4_2201_Q_03,2DMomentum
U4,2201,Q,4,U4_2201_Q_04,2DMomentum
U4,2201,Q,5,U4_2201_Q_05,ProbingParticles
U4,2201,Q,6,U4_2201_Q_06,AdvancedElectric
U4,2201,Q,7,U4_2201_Q_07,AdvancedEM
U4,2201,Q,8,U4_2201_Q_08,ProbingParticles
U4,2201,Q,9,U4_2201_Q_09,ProbingParticles
U4,2201,Q,10,U4_2201_Q_10,CircularMotion
U4,2201,Q,11,U4_2201_Q_11,AdvancedElectric
U4,2201,Q,12,U4_2201_Q_12,2DMomentum
U4,2201,Q,13,U4_2201_Q_13,AdvancedElectric
U4,2201,Q,14,U4_2201_Q_14,AdvancedCircuit
U4,2201,Q,15,U4_2201_Q_15,CircularMotion
U4,2201,Q,16,U4_2201_Q_16,ParticleZoo
U4,2201,Q,17,U4_2201_Q_17,ParticleZoo
U4,2201,Q,18,U4_2201_Q_18,AdvancedEM
U4,2206,A,1,U4_2206_A_01,ParticleZoo
U4,2206,A,2,U4_2206_A_02,ParticleZoo
U4,2206,A,3,U4_2206_A_03,AdvancedCircuit
U4,2206,A,4,U4_2206_A_04,AdvancedElectric
U4,2206,A,5,U4_2206_A_05,AdvancedEM
U4,2206,A,6,U4_2206_A_06,ProbingParticles
U4,2206,A,7,U4_2206_A_07,ParticleZoo
U4,2206,A,8,U4_2206_A_08,ProbingParticles
U4,2206,A,9,U4_2206_A_09,AdvancedEM
U4,2206,A,10,U4_2206_A_10,AdvancedEM
U4,2206,A,11,U4_2206_A_11,2DMomentum
U4,2206,A,12,U4_2206_A_12,2DMomentum
U4,2206,A,13,U4_2206_A_13,ProbingParticles
U4,2206,A,14,U4_2206_A_14,ParticleZoo
U4,2206,A,15,U4_2206_A_15,AdvancedCircuit
U4,2206,A,16,U4_2206_A_16,ProbingParticles
U4,2206,A,17,U4_2206_A_17,CircularMotion
U4,2206,A,18,U4_2206_A_18,AdvancedEM
U4,2206,Q,1,U4_2206_Q_01,ParticleZoo
U4,2206,Q,2,U4_2206_Q_02,ParticleZoo
U4,2206,Q,3,U4_2206_Q_03,AdvancedCircuit
U4,2206,Q,4,U4_2206_Q_04,AdvancedElectric
U4,2206,Q,5,U4_2206_Q_05,AdvancedEM
U4,2206,Q,6,U4_2206_Q_06,ProbingParticles
U4,2206,Q,7,U4_2206_Q_07,ParticleZoo
U4,2206,Q,8,U4_2206_Q_08,ProbingParticles
U4,2206,Q,9,U4_2206_Q_09,AdvancedEM
U4,2206,Q,10,U4_2206_Q_10,AdvancedEM
U4,2206,Q,11,U4_2206_Q_11,2DMomentum
U4,2206,Q,12,U4_2206_Q_12,2DMomentum
U4,2206,Q,13,U4_2206_Q_13,ProbingParticles
U4,2206,Q,14,U4_2206_Q_14,ParticleZoo
U4,2206,Q,15,U4_2206_Q_15,AdvancedCircuit
U4,2206,Q,16,U4_2206_Q_16,ProbingParticles
U4,2206,Q,17,U4_2206_Q_17,CircularMotion
U4,2206,Q,18,U4_2206_Q_18,AdvancedEM
U4,2210,A,1,U4_2210_A_01,ParticleZoo
U4,2210,A,2,U4_2210_A_02,ProbingParticles
U4,2210,A,3,U4_2210_A_03,ProbingParticles
U4,2210,A,4,U4_2210_A_04,AdvancedElectric
U4,2210,A,5,U4_2210_A_05,AdvancedCircuit
U4,2210,A,6,U4_2210_A_06,AdvancedEM
U4,2210,A,7,U4_2210_A_07,ParticleZoo
U4,2210,A,8,U4_2210_A_08,ProbingParticles
U4,2210,A,9,U4_2210_A_09,2DMomentum
U4,2210,A,10,U4_2210_A_10,AdvancedEM
U4,2210,A,11,U4_2210_A_11,ParticleZoo
U4,2210,A,12,U4_2210_A_12,AdvancedCircuit
U4,2210,A,13,U4_2210_A_13,ParticleZoo
U4,2210,A,14,U4_2210_A_14,AdvancedEM
U4,2210,A,15,U4_2210_A_15,ProbingParticles
U4,2210,A,16,U4_2210_A_16,2DMomentum
U4,2210,A,17,U4_2210_A_17,CircularMotion
U4,2210,A,18,U4_2210_A_18,ProbingParticles
U4,2210,Q,1,U4_2210_Q_01,ParticleZoo
U4,2210,Q,2,U4_2210_Q_02,ProbingParticles
U4,2210,Q,3,U4_2210_Q_03,ProbingParticles
U4,2210,Q,4,U4_2210_Q_04,AdvancedElectric
U4,2210,Q,5,U4_2210_Q_05,AdvancedCircuit
U4,2210,Q,6,U4_2210_Q_06,AdvancedEM
U4,2210,Q,7,U4_2210_Q_07,ParticleZoo
U4,2210,Q,8,U4_2210_Q_08,ProbingParticles
U4,2210,Q,9,U4_2210_Q_09,2DMomentum
U4,2210,Q,10,U4_2210_Q_10,AdvancedEM
U4,2210,Q,11,U4_2210_Q_11,ParticleZoo
U4,2210,Q,12,U4_2210_Q_12,AdvancedCircuit
U4,2210,Q,13,U4_2210_Q_13,ParticleZoo
U4,2210,Q,14,U4_2210_Q_14,AdvancedEM
U4,2210,Q,15,U4_2210_Q_15,ProbingParticles
U4,2210,Q,16,U4_2210_Q_16,2DMomentum
U4,2210,Q,17,U4_2210_Q_17,CircularMotion
U4,2210,Q,18,U4_2210_Q_18,ProbingParticles
U4,2301,A,1,U4_2301_A_01,ParticleZoo
U4,2301,A,2,U4_2301_A_02,CircularMotion
U4,2301,A,3,U4_2301_A_03,ProbingParticles
U4,2301,A,4,U4_2301_A_04,ParticleZoo
U4,2301,A,5,U4_2301_A_05,ProbingParticles
U4,2301,A,6,U4_2301_A_06,AdvancedElectric
U4,2301,A,7,U4_2301_A_07,ProbingParticles
U4,2301,A,8,U4_2301_A_08,2DMomentum
U4,2301,A,9,U4_2301_A_09,2DMomentum
U4,2301,A,10,U4_2301_A_10,ProbingParticles
U4,2301,A,11,U4_2301_A_11,ParticleZoo
U4,2301,A,12,U4_2301_A_12,AdvancedElectric
U4,2301,A,13,U4_2301_A_13,CircularMotion
U4,2301,A,14,U4_2301_A_14,2DMomentum
U4,2301,A,15,U4_2301_A_15,AdvancedEM
U4,2301,A,16,U4_2301_A_16,AdvancedCircuit
U4,2301,A,17,U4_2301_A_17,AdvancedEM
U4,2301,A,18,U4_2301_A_18,ParticleZoo
U4,2301,Q,1,U4_2301_Q_01,ParticleZoo
U4,2301,Q,2,U4_2301_Q_02,CircularMotion
U4,2301,Q,3,U4_2301_Q_03,ProbingParticles
U4,2301,Q,4,U4_2301_Q_04,ParticleZoo
U4,2301,Q,5,U4_2301_Q_05,ProbingParticles
U4,2301,Q,6,U4_2301_Q_06,AdvancedElectric
U4,2301,Q,7,U4_2301_Q_07,ProbingParticles
U4,2301,Q,8,U4_2301_Q_08,2DMomentum
U4,2301,Q,9,U4_2301_Q_09,2DMomentum
U4,2301,Q,10,U4_2301_Q_10,ProbingParticles
U4,2301,Q,11,U4_2301_Q_11,ParticleZoo
U4,2301,Q,12,U4_2301_Q_12,AdvancedElectric
U4,2301,Q,13,U4_2301_Q_13,CircularMotion
U4,2301,Q,14,U4_2301_Q_14,2DMomentum
U4,2301,Q,15,U4_2301_Q_15,AdvancedEM
U4,2301,Q,16,U4_2301_Q_16,AdvancedCircuit
U4,2301,Q,17,U4_2301_Q_17,AdvancedEM
U4,2301,Q,18,U4_2301_Q_18,ParticleZoo
U4,2306,A,1,U4_2306_A_01,ProbingParticles
U4,2306,A,2,U4_2306_A_02,AdvancedCircuit
U4,2306,A,3,U4_2306_A_03,ParticleZoo
U4,2306,A,4,U4_2306_A_04,2DMomentum
U4,2306,A,5,U4_2306_A_05,ProbingParticles
U4,2306,A,6,U4_2306_A_06,ParticleZoo
U4,2306,A,7,U4_2306_A_07,ParticleZoo
U4,2306,A,8,U4_2306_A_08,ProbingParticles
U4,2306,A,9,U4_2306_A_09,ParticleZoo
U4,2306,A,10,U4_2306_A_10,AdvancedEM
U4,2306,A,11,U4_2306_A_11,ParticleZoo
U4,2306,A,12,U4_2306_A_12,ProbingParticles
U4,2306,A,13,U4_2306_A_13,ProbingParticles
U4,2306,A,14,U4_2306_A_14,2DMomentum
U4,2306,A,15,U4_2306_A_15,CircularMotion
U4,2306,A,16,U4_2306_A_16,AdvancedEM
U4,2306,A,17,U4_2306_A_17,AdvancedElectric
U4,2306,A,18,U4_2306_A_18,AdvancedCircuit
U4,2306,Q,1,U4_2306_Q_01,ProbingParticles
U4,2306,Q,2,U4_2306_Q_02,AdvancedCircuit
U4,2306,Q,3,U4_2306_Q_03,ParticleZoo
U4,2306,Q,4,U4_2306_Q_04,2DMomentum
U4,2306,Q,5,U4_2306_Q_05,ProbingParticles
U4,2306,Q,6,U4_2306_Q_06,ParticleZoo
U4,2306,Q,7,U4_2306_Q_07,ParticleZoo
U4,2306,Q,8,U4_2306_Q_08,ProbingParticles
U4,2306,Q,9,U4_2306_Q_09,ParticleZoo
U4,2306,Q,10,U4_2306_Q_10,AdvancedEM
U4,2306,Q,11,U4_2306_Q_11,ParticleZoo
U4,2306,Q,12,U4_2306_Q_12,ProbingParticles
U4,2306,Q,13,U4_2306_Q_13,ProbingParticles
U4,2306,Q,14,U4_2306_Q_14,2DMomentum
U4,2306,Q,15,U4_2306_Q_15,CircularMotion
U4,2306,Q,16,U4_2306_Q_16,AdvancedEM
U4,2306,Q,17,U4_2306_Q_17,AdvancedElectric
U4,2306,Q,18,U4_2306_Q_18,AdvancedCircuit
U4,2310,A,1,U4_2310_A_01,ParticleZoo
U4,2310,A,2,U4_2310_A_02,2DMomentum
U4,2310,A,3,U4_2310_A_03,ProbingParticles
U4,2310,A,4,U4_2310_A_04,AdvancedEM
U4,2310,A,5,U4_2310_A_05,ProbingParticles
U4,2310,A,6,U4_2310_A_06,ParticleZoo
U4,2310,A,7,U4_2310_A_07,ProbingParticles
U4,2310,A,8,U4_2310_A_08,CircularMotion
U4,2310,A,9,U4_2310_A_09,AdvancedCircuit
U4,2310,A,10,U4_2310_A_10,CircularMotion
U4,2310,A,11,U4_2310_A_11,CircularMotion
U4,2310,A,12,U4_2310_A_12,ProbingParticles
U4,2310,A,13,U4_2310_A_13,AdvancedEM
U4,2310,A,14,U4_2310_A_14,CircularMotion
U4,2310,A,15,U4_2310_A_15,ProbingParticles
U4,2310,A,16,U4_2310_A_16,AdvancedEM
U4,2310,A,17,U4_2310_A_17,AdvancedEM
U4,2310,A,18,U4_2310_A_18,AdvancedCircuit
U4,2310,A,19,U4_2310_A_19,2DMomentum
U4,2310,A,20,U4_2310_A_20,AdvancedCircuit
U4,2310,A,21,U4_2310_A_21,ParticleZoo
U4,2310,A,22,U4_2310_A_22,ProbingParticles
U4,2310,Q,1,U4_2310_Q_01,ParticleZoo
U4,2310,Q,2,U4_2310_Q_02,2DMomentum
U4,2310,Q,3,U4_2310_Q_03,ProbingParticles
U4,2310,Q,4,U4_2310_Q_04,AdvancedEM
U4,2310,Q,5,U4_2310_Q_05,ProbingParticles
U4,2310,Q,6,U4_2310_Q_06,ParticleZoo
U4,2310,Q,7,U4_2310_Q_07,ProbingParticles
U4,2310,Q,8,U4_2310_Q_08,CircularMotion
U4,2310,Q,9,U4_2310_Q_09,AdvancedCircuit
U4,2310,Q,10,U4_2310_Q_10,CircularMotion
U4,2310,Q,11,U4_2310_Q_11,CircularMotion
U4,2310,Q,12,U4_2310_Q_12,ProbingParticles
U4,2310,Q,13,U4_2310_Q_13,AdvancedEM
U4,2310,Q,14,U4_2310_Q_14,CircularMotion
U4,2310,Q,15,U4_2310_Q_15,ProbingParticles
U4,2310,Q,16,U4_2310_Q_16,AdvancedEM
U4,2310,Q,17,U4_2310_Q_17,AdvancedEM
U4,2310,Q,18,U4_2310_Q_18,AdvancedCircuit
U4,2310,Q,19,U4_2310_Q_19,2DMomentum
U4,2310,Q,20,U4_2310_Q_20,AdvancedCircuit
U4,2310,Q,21,U4_2310_Q_21,ParticleZoo
U4,2310,Q,22,U4_2310_Q_22,ProbingParticles
U3,2001,Q,1,U3_2001_Q_01,--
U3,2001,Q,2,U3_2001_Q_02,--
U3,2001,Q,3,U3_2001_Q_03,--
U3,2001,Q,4,U3_2001_Q_04,--
U3,2001,Q,5,U3_2001_Q_05,--
U3,2006,Q,1,U3_2006_Q_01,--
U3,2006,Q,2,U3_2006_Q_02,--
U3,2006,Q,3,U3_2006_Q_03,--
U3,2006,Q,4,U3_2006_Q_04,--
U3,2101,Q,1,U3_2101_Q_01,--
U3,2101,Q,2,U3_2101_Q_02,--
U3,2101,Q,3,U3_2101_Q_03,--
U3,2101,Q,4,U3_2101_Q_04,--
U3,2101,Q,5,U3_2101_Q_05,--
U3,2106,Q,1,U3_2106_Q_01,--
U3,2106,Q,2,U3_2106_Q_02,--
U3,2106,Q,3,U3_2106_Q_03,--
U3,2106,Q,4,U3_2106_Q_04,--
U3,2110,Q,1,U3_2110_Q_01,--
U3,2110,Q,2,U3_2110_Q_02,--
U3,2110,Q,3,U3_2110_Q_03,--
U3,2110,Q,4,U3_2110_Q_04,--
U3,2201,Q,1,U3_2201_Q_01,--
U3,2201,Q,2,U3_2201_Q_02,--
U3,2201,Q,3,U3_2201_Q_03,--
U3,2201,Q,4,U3_2201_Q_04,--
U3,2201,Q,5,U3_2201_Q_05,--
U3,2206,Q,1,U3_2206_Q_01,--
U3,2206,Q,2,U3_2206_Q_02,--
U3,2206,Q,3,U3_2206_Q_03,--
U3,2206,Q,4,U3_2206_Q_04,--
U3,2210,Q,1,U3_2210_Q_01,--
U3,2210,Q,2,U3_2210_Q_02,--
U3,2210,Q,3,U3_2210_Q_03,--
U3,2210,Q,4,U3_2210_Q_04,--
U3,2301,Q,1,U3_2301_Q_01,--
U3,2301,Q,2,U3_2301_Q_02,--
U3,2301,Q,3,U3_2301_Q_03,--
U3,2301,Q,4,U3_2301_Q_04,--
U3,2306,Q,1,U3_2306_Q_01,--
U3,2306,Q,2,U3_2306_Q_02,--
U3,2306,Q,3,U3_2306_Q_03,--
U3,2306,Q,4,U3_2306_Q_04,--
U3,2310,Q,1,U3_2310_Q_01,--
U3,2310,Q,2,U3_2310_Q_02,--
U3,2310,Q,3,U3_2310_Q_03,--
U3,2310,Q,4,U3_2310_Q_04,--
U3,2001,A,1,U3_2001_Q_01,--
U3,2001,A,2,U3_2001_Q_02,--
U3,2001,A,3,U3_2001_Q_03,--
U3,2001,A,4,U3_2001_Q_04,--
U3,2001,A,5,U3_2001_Q_05,--
U3,2006,A,1,U3_2006_Q_01,--
U3,2006,A,2,U3_2006_Q_02,--
U3,2006,A,3,U3_2006_Q_03,--
U3,2006,A,4,U3_2006_Q_04,--
U3,2101,A,1,U3_2101_Q_01,--
U3,2101,A,2,U3_2101_Q_02,--
U3,2101,A,3,U3_2101_Q_03,--
U3,2101,A,4,U3_2101_Q_04,--
U3,2101,A,5,U3_2101_Q_05,--
U3,2106,A,1,U3_2106_Q_01,--
U3,2106,A,2,U3_2106_Q_02,--
U3,2106,A,3,U3_2106_Q_03,--
U3,2106,A,4,U3_2106_Q_04,--
U3,2110,A,1,U3_2110_Q_01,--
U3,2110,A,2,U3_2110_Q_02,--
U3,2110,A,3,U3_2110_Q_03,--
U3,2110,A,4,U3_2110_Q_04,--
U3,2201,A,1,U3_2201_Q_01,--
U3,2201,A,2,U3_2201_Q_02,--
U3,2201,A,3,U3_2201_Q_03,--
U3,2201,A,4,U3_2201_Q_04,--
U3,2201,A,5,U3_2201_Q_05,--
U3,2206,A,1,U3_2206_Q_01,--
U3,2206,A,2,U3_2206_Q_02,--
U3,2206,A,3,U3_2206_Q_03,--
U3,2206,A,4,U3_2206_Q_04,--
U3,2210,A,1,U3_2210_Q_01,--
U3,2210,A,2,U3_2210_Q_02,--
U3,2210,A,3,U3_2210_Q_03,--
U3,2210,A,4,U3_2210_Q_04,--
U3,2301,A,1,U3_2301_Q_01,--
U3,2301,A,2,U3_2301_Q_02,--
U3,2301,A,3,U3_2301_Q_03,--
U3,2301,A,4,U3_2301_Q_04,--
U3,2306,A,1,U3_2306_Q_01,--
U3,2306,A,2,U3_2306_Q_02,--
U3,2306,A,3,U3_2306_Q_03,--
U3,2306,A,4,U3_2306_Q_04,--
U3,2310,A,1,U3_2310_Q_01,--
U3,2310,A,2,U3_2310_Q_02,--
U3,2310,A,3,U3_2310_Q_03,--
U3,2310,A,4,U3_2310_Q_04,--
U6,2006,Q,1,U6_2006_Q_01,--
U6,2006,Q,2,U6_2006_Q_02,--
U6,2006,Q,3,U6_2006_Q_03,--
U6,2006,Q,4,U6_2006_Q_04,--
U6,2101,Q,1,U6_2101_Q_01,--
U6,2101,Q,2,U6_2101_Q_02,--
U6,2101,Q,3,U6_2101_Q_03,--
U6,2101,Q,4,U6_2101_Q_04,--
U6,2106,Q,1,U6_2106_Q_01,--
U6,2106,Q,2,U6_2106_Q_02,--
U6,2106,Q,3,U6_2106_Q_03,--
U6,2106,Q,4,U6_2106_Q_04,--
U6,2110,Q,1,U6_2110_Q_01,--
U6,2110,Q,2,U6_2110_Q_02,--
U6,2110,Q,3,U6_2110_Q_03,--
U6,2110,Q,4,U6_2110_Q_04,--
U6,2201,Q,1,U6_2201_Q_01,--
U6,2201,Q,2,U6_2201_Q_02,--
U6,2201,Q,3,U6_2201_Q_03,--
U6,2201,Q,4,U6_2201_Q_04,--
U6,2206,Q,1,U6_2206_Q_01,--
U6,2206,Q,2,U6_2206_Q_02,--
U6,2206,Q,3,U6_2206_Q_03,--
U6,2206,Q,4,U6_2206_Q_04,--
U6,2210,Q,1,U6_2210_Q_01,--
U6,2210,Q,2,U6_2210_Q_02,--
U6,2210,Q,3,U6_2210_Q_03,--
U6,2210,Q,4,U6_2210_Q_04,--
U6,2301,Q,1,U6_2301_Q_01,--
U6,2301,Q,2,U6_2301_Q_02,--
U6,2301,Q,3,U6_2301_Q_03,--
U6,2301,Q,4,U6_2301_Q_04,--
U6,2306,Q,1,U6_2306_Q_01,--
U6,2306,Q,2,U6_2306_Q_02,--
U6,2306,Q,3,U6_2306_Q_03,--
U6,2306,Q,4,U6_2306_Q_04,--
U6,2310,Q,1,U6_2310_Q_01,--
U6,2310,Q,2,U6_2310_Q_02,--
U6,2310,Q,3,U6_2310_Q_03,--
U6,2310,Q,4,U6_2310_Q_04,--
U6,2006,A,1,U6_2006_Q_01,--
U6,2006,A,2,U6_2006_Q_02,--
U6,2006,A,3,U6_2006_Q_03,--
U6,2006,A,4,U6_2006_Q_04,--
U6,2101,A,1,U6_2101_Q_01,--
U6,2101,A,2,U6_2101_Q_02,--
U6,2101,A,3,U6_2101_Q_03,--
U6,2101,A,4,U6_2101_Q_04,--
U6,2106,A,1,U6_2106_Q_01,--
U6,2106,A,2,U6_2106_Q_02,--
U6,2106,A,3,U6_2106_Q_03,--
U6,2106,A,4,U6_2106_Q_04,--
U6,2110,A,1,U6_2110_Q_01,--
U6,2110,A,2,U6_2110_Q_02,--
U6,2110,A,3,U6_2110_Q_03,--
U6,2110,A,4,U6_2110_Q_04,--
U6,2201,A,1,U6_2201_Q_01,--
U6,2201,A,2,U6_2201_Q_02,--
U6,2201,A,3,U6_2201_Q_03,--
U6,2201,A,4,U6_2201_Q_04,--
U6,2206,A,1,U6_2206_Q_01,--
U6,2206,A,2,U6_2206_Q_02,--
U6,2206,A,3,U6_2206_Q_03,--
U6,2206,A,4,U6_2206_Q_04,--
U6,2210,A,1,U6_2210_Q_01,--
U6,2210,A,2,U6_2210_Q_02,--
U6,2210,A,3,U6_2210_Q_03,--
U6,2210,A,4,U6_2210_Q_04,--
U6,2301,A,1,U6_2301_Q_01,--
U6,2301,A,2,U6_2301_Q_02,--
U6,2301,A,3,U6_2301_Q_03,--
U6,2301,A,4,U6_2301_Q_04,--
U6,2306,A,1,U6_2306_Q_01,--
U6,2306,A,2,U6_2306_Q_02,--
U6,2306,A,3,U6_2306_Q_03,--
U6,2306,A,4,U6_2306_Q_04,--
U6,2310,A,1,U6_2310_Q_01,--
U6,2310,A,2,U6_2310_Q_02,--
U6,2310,A,3,U6_2310_Q_03,--
U6,2310,A,4,U6_2310_Q_04,--
U5,2006,Q,1,U5_2006_Q_01,Decay
U5,2006,Q,2,U5_2006_Q_02,FissionFusion
U5,2006,Q,3,U5_2006_Q_03,IdealGasLaw
U5,2006,Q,4,U5_2006_Q_04,IdealGasLaw
U5,2006,Q,5,U5_2006_Q_05,SHM
U5,2006,Q,6,U5_2006_Q_06,Decay
U5,2006,Q,7,U5_2006_Q_07,Decay
U5,2006,Q,8,U5_2006_Q_08,IdealGasLaw
U5,2006,Q,9,U5_2006_Q_09,SHM
U5,2006,Q,10,U5_2006_Q_10,SHM
U5,2006,Q,11,U5_2006_Q_11,GravitationalField
U5,2006,Q,12,U5_2006_Q_12,Astronomy
U5,2006,Q,13,U5_2006_Q_13,FissionFusion
U5,2006,Q,14,U5_2006_Q_14,Astronomy
U5,2006,Q,15,U5_2006_Q_15,GravitationalField
U5,2006,Q,16,U5_2006_Q_16,Astronomy
U5,2006,Q,17,U5_2006_Q_17,IdealGasLaw
U5,2006,Q,18,U5_2006_Q_18,Decay
U5,2006,Q,19,U5_2006_Q_19,HeatCapacity
U5,2006,Q,20,U5_2006_Q_20,SHM
U5,2101,Q,1,U5_2101_Q_01,IdealGasLaw
U5,2101,Q,2,U5_2101_Q_02,LifeCycleOfStars
U5,2101,Q,3,U5_2101_Q_03,Decay
U5,2101,Q,4,U5_2101_Q_04,BlackBodyRadiation
U5,2101,Q,5,U5_2101_Q_05,EnergyInOscillation
U5,2101,Q,6,U5_2101_Q_06,Astronomy
U5,2101,Q,7,U5_2101_Q_07,GravitationalField
U5,2101,Q,8,U5_2101_Q_08,Astronomy
U5,2101,Q,9,U5_2101_Q_09,SHM
U5,2101,Q,10,U5_2101_Q_10,SHM
U5,2101,Q,11,U5_2101_Q_11,GravitationalField
U5,2101,Q,12,U5_2101_Q_12,HeatCapacity
U5,2101,Q,13,U5_2101_Q_13,SHM
U5,2101,Q,14,U5_2101_Q_14,IdealGasLaw
U5,2101,Q,15,U5_2101_Q_15,Decay
U5,2101,Q,16,U5_2101_Q_16,Astronomy
U5,2101,Q,17,U5_2101_Q_17,GravitationalField
U5,2101,Q,18,U5_2101_Q_18,SHM
U5,2101,Q,19,U5_2101_Q_19,Decay
U5,2101,Q,20,U5_2101_Q_20,Astronomy
U5,2106,Q,1,U5_2106_Q_01,Decay
U5,2106,Q,2,U5_2106_Q_02,LifeCycleOfStars
U5,2106,Q,3,U5_2106_Q_03,EnergyInOscillation
U5,2106,Q,4,U5_2106_Q_04,FissionFusion
U5,2106,Q,5,U5_2106_Q_05,GravitationalField
U5,2106,Q,6,U5_2106_Q_06,Astronomy
U5,2106,Q,7,U5_2106_Q_07,IdealGasLaw
U5,2106,Q,8,U5_2106_Q_08,Astronomy
U5,2106,Q,9,U5_2106_Q_09,EnergyInOscillation
U5,2106,Q,10,U5_2106_Q_10,BlackBodyRadiation
U5,2106,Q,11,U5_2106_Q_11,IdealGasLaw
U5,2106,Q,12,U5_2106_Q_12,Astronomy
U5,2106,Q,13,U5_2106_Q_13,HeatCapacity
U5,2106,Q,14,U5_2106_Q_14,SHM
U5,2106,Q,15,U5_2106_Q_15,BlackBodyRadiation
U5,2106,Q,16,U5_2106_Q_16,GravitationalField
U5,2106,Q,17,U5_2106_Q_17,SHM
U5,2106,Q,18,U5_2106_Q_18,FissionFusion
U5,2106,Q,19,U5_2106_Q_19,Decay
U5,2110,Q,1,U5_2110_Q_01,Astronomy
U5,2110,Q,2,U5_2110_Q_02,GravitationalField
U5,2110,Q,3,U5_2110_Q_03,SHM
U5,2110,Q,4,U5_2110_Q_04,Decay
U5,2110,Q,5,U5_2110_Q_05,EnergyInOscillation
U5,2110,Q,6,U5_2110_Q_06,Decay
U5,2110,Q,7,U5_2110_Q_07,FissionFusion
U5,2110,Q,8,U5_2110_Q_08,LifeCycleOfStars
U5,2110,Q,9,U5_2110_Q_09,LifeCycleOfStars
U5,2110,Q,10,U5_2110_Q_10,SHM
U5,2110,Q,11,U5_2110_Q_11,Astronomy
U5,2110,Q,12,U5_2110_Q_12,HeatCapacity
U5,2110,Q,13,U5_2110_Q_13,Decay
U5,2110,Q,14,U5_2110_Q_14,IdealGasLaw
U5,2110,Q,15,U5_2110_Q_15,FissionFusion
U5,2110,Q,16,U5_2110_Q_16,Astronomy
U5,2110,Q,17,U5_2110_Q_17,LifeCycleOfStars
U5,2110,Q,18,U5_2110_Q_18,SHM
U5,2110,Q,19,U5_2110_Q_19,Decay
U5,2110,Q,20,U5_2110_Q_20,LifeCycleOfStars
U5,2110,Q,21,U5_2110_Q_21,GravitationalField
U5,2201,Q,1,U5_2201_Q_01,SHM
U5,2201,Q,2,U5_2201_Q_02,HeatCapacity
U5,2201,Q,3,U5_2201_Q_03,SHM
U5,2201,Q,4,U5_2201_Q_04,Decay
U5,2201,Q,5,U5_2201_Q_05,IdealGasLaw
U5,2201,Q,6,U5_2201_Q_06,LifeCycleOfStars
U5,2201,Q,7,U5_2201_Q_07,Decay
U5,2201,Q,8,U5_2201_Q_08,Astronomy
U5,2201,Q,9,U5_2201_Q_09,Astronomy
U5,2201,Q,10,U5_2201_Q_10,FissionFusion
U5,2201,Q,11,U5_2201_Q_11,SHM
U5,2201,Q,12,U5_2201_Q_12,HeatCapacity
U5,2201,Q,13,U5_2201_Q_13,IdealGasLaw
U5,2201,Q,14,U5_2201_Q_14,Decay
U5,2201,Q,15,U5_2201_Q_15,Astronomy
U5,2201,Q,16,U5_2201_Q_16,Astronomy
U5,2201,Q,17,U5_2201_Q_17,EnergyInOscillation
U5,2201,Q,18,U5_2201_Q_18,Astronomy
U5,2201,Q,19,U5_2201_Q_19,LifeCycleOfStars
U5,2201,Q,20,U5_2201_Q_20,Decay
U5,2206,Q,1,U5_2206_Q_01,Astronomy
U5,2206,Q,2,U5_2206_Q_02,EnergyInOscillation
U5,2206,Q,3,U5_2206_Q_03,Astronomy
U5,2206,Q,4,U5_2206_Q_04,GravitationalField
U5,2206,Q,5,U5_2206_Q_05,LifeCycleOfStars
U5,2206,Q,6,U5_2206_Q_06,GravitationalField
U5,2206,Q,7,U5_2206_Q_07,IdealGasLaw
U5,2206,Q,8,U5_2206_Q_08,IdealGasLaw
U5,2206,Q,9,U5_2206_Q_09,Decay
U5,2206,Q,10,U5_2206_Q_10,SHM
U5,2206,Q,11,U5_2206_Q_11,Astronomy
U5,2206,Q,12,U5_2206_Q_12,Astronomy
U5,2206,Q,13,U5_2206_Q_13,Decay
U5,2206,Q,14,U5_2206_Q_14,SHM
U5,2206,Q,15,U5_2206_Q_15,EnergyInOscillation
U5,2206,Q,16,U5_2206_Q_16,Astronomy
U5,2206,Q,17,U5_2206_Q_17,SHM
U5,2206,Q,18,U5_2206_Q_18,BlackBodyRadiation
U5,2206,Q,19,U5_2206_Q_19,IdealGasLaw
U5,2206,Q,20,U5_2206_Q_20,HeatCapacity
U5,2210,Q,1,U5_2210_Q_01,FissionFusion
U5,2210,Q,2,U5_2210_Q_02,IdealGasLaw
U5,2210,Q,3,U5_2210_Q_03,Decay
U5,2210,Q,4,U5_2210_Q_04,Astronomy
U5,2210,Q,5,U5_2210_Q_05,Decay
U5,2210,Q,6,U5_2210_Q_06,Astronomy
U5,2210,Q,7,U5_2210_Q_07,GravitationalField
U5,2210,Q,8,U5_2210_Q_08,SHM
U5,2210,Q,9,U5_2210_Q_09,Astronomy
U5,2210,Q,10,U5_2210_Q_10,SHM
U5,2210,Q,11,U5_2210_Q_11,HeatCapacity
U5,2210,Q,12,U5_2210_Q_12,IdealGasLaw
U5,2210,Q,13,U5_2210_Q_13,Astronomy
U5,2210,Q,14,U5_2210_Q_14,SHM
U5,2210,Q,15,U5_2210_Q_15,Astronomy
U5,2210,Q,16,U5_2210_Q_16,BlackBodyRadiation
U5,2210,Q,17,U5_2210_Q_17,GravitationalField
U5,2210,Q,18,U5_2210_Q_18,Decay
U5,2210,Q,19,U5_2210_Q_19,EnergyInOscillation
U5,2210,Q,20,U5_2210_Q_20,Decay
U5,2301,Q,1,U5_2301_Q_01,Decay
U5,2301,Q,2,U5_2301_Q_02,IdealGasLaw
U5,2301,Q,3,U5_2301_Q_03,FissionFusion
U5,2301,Q,4,U5_2301_Q_04,HeatCapacity
U5,2301,Q,5,U5_2301_Q_05,Astronomy
U5,2301,Q,6,U5_2301_Q_06,FissionFusion
U5,2301,Q,7,U5_2301_Q_07,Decay
U5,2301,Q,8,U5_2301_Q_08,LifeCycleOfStars
U5,2301,Q,9,U5_2301_Q_09,EnergyInOscillation
U5,2301,Q,10,U5_2301_Q_10,SHM
U5,2301,Q,11,U5_2301_Q_11,HeatCapacity
U5,2301,Q,12,U5_2301_Q_12,GravitationalField
U5,2301,Q,13,U5_2301_Q_13,Astronomy
U5,2301,Q,14,U5_2301_Q_14,EnergyInOscillation
U5,2301,Q,15,U5_2301_Q_15,Decay
U5,2301,Q,16,U5_2301_Q_16,LifeCycleOfStars
U5,2301,Q,17,U5_2301_Q_17,IdealGasLaw
U5,2301,Q,18,U5_2301_Q_18,Astronomy
U5,2301,Q,19,U5_2301_Q_19,EnergyInOscillation
U5,2301,Q,20,U5_2301_Q_20,GravitationalField
U5,2301,Q,21,U5_2301_Q_21,Astronomy
U5,2306,Q,1,U5_2306_Q_01,LifeCycleOfStars
U5,2306,Q,2,U5_2306_Q_02,Astronomy
U5,2306,Q,3,U5_2306_Q_03,Astronomy
U5,2306,Q,4,U5_2306_Q_04,GravitationalField
U5,2306,Q,5,U5_2306_Q_05,Astronomy
U5,2306,Q,6,U5_2306_Q_06,EnergyInOscillation
U5,2306,Q,7,U5_2306_Q_07,Decay
U5,2306,Q,8,U5_2306_Q_08,GravitationalField
U5,2306,Q,9,U5_2306_Q_09,IdealGasLaw
U5,2306,Q,10,U5_2306_Q_10,SHM
U5,2306,Q,11,U5_2306_Q_11,FissionFusion
U5,2306,Q,12,U5_2306_Q_12,Decay
U5,2306,Q,13,U5_2306_Q_13,IdealGasLaw
U5,2306,Q,14,U5_2306_Q_14,Decay
U5,2306,Q,15,U5_2306_Q_15,HeatCapacity
U5,2306,Q,16,U5_2306_Q_16,SHM
U5,2306,Q,17,U5_2306_Q_17,FissionFusion
U5,2306,Q,18,U5_2306_Q_18,HeatCapacity
U5,2306,Q,19,U5_2306_Q_19,SHM
U5,2306,Q,20,U5_2306_Q_20,LifeCycleOfStars
U5,2306,Q,21,U5_2306_Q_21,BlackBodyRadiation
U5,2310,Q,1,U5_2310_Q_01,LifeCycleOfStars
U5,2310,Q,2,U5_2310_Q_02,Astronomy
U5,2310,Q,3,U5_2310_Q_03,FissionFusion
U5,2310,Q,4,U5_2310_Q_04,EnergyInOscillation
U5,2310,Q,5,U5_2310_Q_05,Astronomy
U5,2310,Q,6,U5_2310_Q_06,GravitationalField
U5,2310,Q,7,U5_2310_Q_07,GravitationalField
U5,2310,Q,8,U5_2310_Q_08,Decay
U5,2310,Q,9,U5_2310_Q_09,LifeCycleOfStars
U5,2310,Q,10,U5_2310_Q_10,SHM
U5,2310,Q,11,U5_2310_Q_11,IdealGasLaw
U5,2310,Q,12,U5_2310_Q_12,IdealGasLaw
U5,2310,Q,13,U5_2310_Q_13,FissionFusion
U5,2310,Q,14,U5_2310_Q_14,Astronomy
U5,2310,Q,15,U5_2310_Q_15,IdealGasLaw
U5,2310,Q,16,U5_2310_Q_16,HeatCapacity
U5,2310,Q,17,U5_2310_Q_17,GravitationalField
U5,2310,Q,18,U5_2310_Q_18,GravitationalField
U5,2310,Q,19,U5_2310_Q_19,Decay
U5,2310,Q,20,U5_2310_Q_20,EnergyInOscillation
U5,2310,Q,21,U5_2310_Q_21,BlackBodyRadiation
U5,2006,A,1,U5_2006_Q_01,Decay
U5,2006,A,2,U5_2006_Q_02,FissionFusion
U5,2006,A,3,U5_2006_Q_03,IdealGasLaw
U5,2006,A,4,U5_2006_Q_04,IdealGasLaw
U5,2006,A,5,U5_2006_Q_05,SHM
U5,2006,A,6,U5_2006_Q_06,Decay
U5,2006,A,7,U5_2006_Q_07,Decay
U5,2006,A,8,U5_2006_Q_08,IdealGasLaw
U5,2006,A,9,U5_2006_Q_09,SHM
U5,2006,A,10,U5_2006_Q_10,SHM
U5,2006,A,11,U5_2006_Q_11,GravitationalField
U5,2006,A,12,U5_2006_Q_12,Astronomy
U5,2006,A,13,U5_2006_Q_13,FissionFusion
U5,2006,A,14,U5_2006_Q_14,Astronomy
U5,2006,A,15,U5_2006_Q_15,GravitationalField
U5,2006,A,16,U5_2006_Q_16,Astronomy
U5,2006,A,17,U5_2006_Q_17,IdealGasLaw
U5,2006,A,18,U5_2006_Q_18,Decay
U5,2006,A,19,U5_2006_Q_19,HeatCapacity
U5,2006,A,20,U5_2006_Q_20,SHM
U5,2101,A,1,U5_2101_Q_01,IdealGasLaw
U5,2101,A,2,U5_2101_Q_02,LifeCycleOfStars
U5,2101,A,3,U5_2101_Q_03,Decay
U5,2101,A,4,U5_2101_Q_04,BlackBodyRadiation
U5,2101,A,5,U5_2101_Q_05,EnergyInOscillation
U5,2101,A,6,U5_2101_Q_06,Astronomy
U5,2101,A,7,U5_2101_Q_07,GravitationalField
U5,2101,A,8,U5_2101_Q_08,Astronomy
U5,2101,A,9,U5_2101_Q_09,SHM
U5,2101,A,10,U5_2101_Q_10,SHM
U5,2101,A,11,U5_2101_Q_11,GravitationalField
U5,2101,A,12,U5_2101_Q_12,HeatCapacity
U5,2101,A,13,U5_2101_Q_13,SHM
U5,2101,A,14,U5_2101_Q_14,IdealGasLaw
U5,2101,A,15,U5_2101_Q_15,Decay
U5,2101,A,16,U5_2101_Q_16,Astronomy
U5,2101,A,17,U5_2101_Q_17,GravitationalField
U5,2101,A,18,U5_2101_Q_18,SHM
U5,2101,A,19,U5_2101_Q_19,Decay
U5,2101,A,20,U5_2101_Q_20,Astronomy
U5,2106,A,1,U5_2106_Q_01,Decay
U5,2106,A,2,U5_2106_Q_02,LifeCycleOfStars
U5,2106,A,3,U5_2106_Q_03,EnergyInOscillation
U5,2106,A,4,U5_2106_Q_04,FissionFusion
U5,2106,A,5,U5_2106_Q_05,GravitationalField
U5,2106,A,6,U5_2106_Q_06,Astronomy
U5,2106,A,7,U5_2106_Q_07,IdealGasLaw
U5,2106,A,8,U5_2106_Q_08,Astronomy
U5,2106,A,9,U5_2106_Q_09,EnergyInOscillation
U5,2106,A,10,U5_2106_Q_10,BlackBodyRadiation
U5,2106,A,11,U5_2106_Q_11,IdealGasLaw
U5,2106,A,12,U5_2106_Q_12,Astronomy
U5,2106,A,13,U5_2106_Q_13,HeatCapacity
U5,2106,A,14,U5_2106_Q_14,SHM
U5,2106,A,15,U5_2106_Q_15,BlackBodyRadiation
U5,2106,A,16,U5_2106_Q_16,GravitationalField
U5,2106,A,17,U5_2106_Q_17,SHM
U5,2106,A,18,U5_2106_Q_18,FissionFusion
U5,2106,A,19,U5_2106_Q_19,Decay
U5,2110,A,1,U5_2110_Q_01,Astronomy
U5,2110,A,2,U5_2110_Q_02,GravitationalField
U5,2110,A,3,U5_2110_Q_03,SHM
U5,2110,A,4,U5_2110_Q_04,Decay
U5,2110,A,5,U5_2110_Q_05,EnergyInOscillation
U5,2110,A,6,U5_2110_Q_06,Decay
U5,2110,A,7,U5_2110_Q_07,FissionFusion
U5,2110,A,8,U5_2110_Q_08,LifeCycleOfStars
U5,2110,A,9,U5_2110_Q_09,LifeCycleOfStars
U5,2110,A,10,U5_2110_Q_10,SHM
U5,2110,A,11,U5_2110_Q_11,Astronomy
U5,2110,A,12,U5_2110_Q_12,HeatCapacity
U5,2110,A,13,U5_2110_Q_13,Decay
U5,2110,A,14,U5_2110_Q_14,IdealGasLaw
U5,2110,A,15,U5_2110_Q_15,FissionFusion
U5,2110,A,16,U5_2110_Q_16,Astronomy
U5,2110,A,17,U5_2110_Q_17,LifeCycleOfStars
U5,2110,A,18,U5_2110_Q_18,SHM
U5,2110,A,19,U5_2110_Q_19,Decay
U5,2110,A,20,U5_2110_Q_20,LifeCycleOfStars
U5,2110,A,21,U5_2110_Q_21,GravitationalField
U5,2201,A,1,U5_2201_Q_01,SHM
U5,2201,A,2,U5_2201_Q_02,HeatCapacity
U5,2201,A,3,U5_2201_Q_03,SHM
U5,2201,A,4,U5_2201_Q_04,Decay
U5,2201,A,5,U5_2201_Q_05,IdealGasLaw
U5,2201,A,6,U5_2201_Q_06,LifeCycleOfStars
U5,2201,A,7,U5_2201_Q_07,Decay
U5,2201,A,8,U5_2201_Q_08,Astronomy
U5,2201,A,9,U5_2201_Q_09,Astronomy
U5,2201,A,10,U5_2201_Q_10,FissionFusion
U5,2201,A,11,U5_2201_Q_11,SHM
U5,2201,A,12,U5_2201_Q_12,HeatCapacity
U5,2201,A,13,U5_2201_Q_13,IdealGasLaw
U5,2201,A,14,U5_2201_Q_14,Decay
U5,2201,A,15,U5_2201_Q_15,Astronomy
U5,2201,A,16,U5_2201_Q_16,Astronomy
U5,2201,A,17,U5_2201_Q_17,EnergyInOscillation
U5,2201,A,18,U5_2201_Q_18,Astronomy
U5,2201,A,19,U5_2201_Q_19,LifeCycleOfStars
U5,2201,A,20,U5_2201_Q_20,Decay
U5,2206,A,1,U5_2206_Q_01,Astronomy
U5,2206,A,2,U5_2206_Q_02,EnergyInOscillation
U5,2206,A,3,U5_2206_Q_03,Astronomy
U5,2206,A,4,U5_2206_Q_04,GravitationalField
U5,2206,A,5,U5_2206_Q_05,LifeCycleOfStars
U5,2206,A,6,U5_2206_Q_06,GravitationalField
U5,2206,A,7,U5_2206_Q_07,IdealGasLaw
U5,2206,A,8,U5_2206_Q_08,IdealGasLaw
U5,2206,A,9,U5_2206_Q_09,Decay
U5,2206,A,10,U5_2206_Q_10,SHM
U5,2206,A,11,U5_2206_Q_11,Astronomy
U5,2206,A,12,U5_2206_Q_12,Astronomy
U5,2206,A,13,U5_2206_Q_13,Decay
U5,2206,A,14,U5_2206_Q_14,SHM
U5,2206,A,15,U5_2206_Q_15,EnergyInOscillation
U5,2206,A,16,U5_2206_Q_16,Astronomy
U5,2206,A,17,U5_2206_Q_17,SHM
U5,2206,A,18,U5_2206_Q_18,BlackBodyRadiation
U5,2206,A,19,U5_2206_Q_19,IdealGasLaw
U5,2206,A,20,U5_2206_Q_20,HeatCapacity
U5,2210,A,1,U5_2210_Q_01,FissionFusion
U5,2210,A,2,U5_2210_Q_02,IdealGasLaw
U5,2210,A,3,U5_2210_Q_03,Decay
U5,2210,A,4,U5_2210_Q_04,Astronomy
U5,2210,A,5,U5_2210_Q_05,Decay
U5,2210,A,6,U5_2210_Q_06,Astronomy
U5,2210,A,7,U5_2210_Q_07,GravitationalField
U5,2210,A,8,U5_2210_Q_08,SHM
U5,2210,A,9,U5_2210_Q_09,Astronomy
U5,2210,A,10,U5_2210_Q_10,SHM
U5,2210,A,11,U5_2210_Q_11,HeatCapacity
U5,2210,A,12,U5_2210_Q_12,IdealGasLaw
U5,2210,A,13,U5_2210_Q_13,Astronomy
U5,2210,A,14,U5_2210_Q_14,SHM
U5,2210,A,15,U5_2210_Q_15,Astronomy
U5,2210,A,16,U5_2210_Q_16,BlackBodyRadiation
U5,2210,A,17,U5_2210_Q_17,GravitationalField
U5,2210,A,18,U5_2210_Q_18,Decay
U5,2210,A,19,U5_2210_Q_19,EnergyInOscillation
U5,2210,A,20,U5_2210_Q_20,Decay
U5,2301,A,1,U5_2301_Q_01,Decay
U5,2301,A,2,U5_2301_Q_02,IdealGasLaw
U5,2301,A,3,U5_2301_Q_03,FissionFusion
U5,2301,A,4,U5_2301_Q_04,HeatCapacity
U5,2301,A,5,U5_2301_Q_05,Astronomy
U5,2301,A,6,U5_2301_Q_06,FissionFusion
U5,2301,A,7,U5_2301_Q_07,Decay
U5,2301,A,8,U5_2301_Q_08,LifeCycleOfStars
U5,2301,A,9,U5_2301_Q_09,EnergyInOscillation
U5,2301,A,10,U5_2301_Q_10,SHM
U5,2301,A,11,U5_2301_Q_11,HeatCapacity
U5,2301,A,12,U5_2301_Q_12,GravitationalField
U5,2301,A,13,U5_2301_Q_13,Astronomy
U5,2301,A,14,U5_2301_Q_14,EnergyInOscillation
U5,2301,A,15,U5_2301_Q_15,Decay
U5,2301,A,16,U5_2301_Q_16,LifeCycleOfStars
U5,2301,A,17,U5_2301_Q_17,IdealGasLaw
U5,2301,A,18,U5_2301_Q_18,Astronomy
U5,2301,A,19,U5_2301_Q_19,EnergyInOscillation
U5,2301,A,20,U5_2301_Q_20,GravitationalField
U5,2301,A,21,U5_2301_Q_21,Astronomy
U5,2306,A,1,U5_2306_Q_01,LifeCycleOfStars
U5,2306,A,2,U5_2306_Q_02,Astronomy
U5,2306,A,3,U5_2306_Q_03,Astronomy
U5,2306,A,4,U5_2306_Q_04,GravitationalField
U5,2306,A,5,U5_2306_Q_05,Astronomy
U5,2306,A,6,U5_2306_Q_06,EnergyInOscillation
U5,2306,A,7,U5_2306_Q_07,Decay
U5,2306,A,8,U5_2306_Q_08,GravitationalField
U5,2306,A,9,U5_2306_Q_09,IdealGasLaw
U5,2306,A,10,U5_2306_Q_10,SHM
U5,2306,A,11,U5_2306_Q_11,FissionFusion
U5,2306,A,12,U5_2306_Q_12,Decay
U5,2306,A,13,U5_2306_Q_13,IdealGasLaw
U5,2306,A,14,U5_2306_Q_14,Decay
U5,2306,A,15,U5_2306_Q_15,HeatCapacity
U5,2306,A,16,U5_2306_Q_16,SHM
U5,2306,A,17,U5_2306_Q_17,FissionFusion
U5,2306,A,18,U5_2306_Q_18,HeatCapacity
U5,2306,A,19,U5_2306_Q_19,SHM
U5,2306,A,20,U5_2306_Q_20,LifeCycleOfStars
U5,2306,A,21,U5_2306_Q_21,BlackBodyRadiation
U5,2310,A,1,U5_2310_Q_01,LifeCycleOfStars
U5,2310,A,2,U5_2310_Q_02,Astronomy
U5,2310,A,3,U5_2310_Q_03,FissionFusion
U5,2310,A,4,U5_2310_Q_04,EnergyInOscillation
U5,2310,A,5,U5_2310_Q_05,Astronomy
U5,2310,A,6,U5_2310_Q_06,GravitationalField
U5,2310,A,7,U5_2310_Q_07,GravitationalField
U5,2310,A,8,U5_2310_Q_08,Decay
U5,2310,A,9,U5_2310_Q_09,LifeCycleOfStars
U5,2310,A,10,U5_2310_Q_10,SHM
U5,2310,A,11,U5_2310_Q_11,IdealGasLaw
U5,2310,A,12,U5_2310_Q_12,IdealGasLaw
U5,2310,A,13,U5_2310_Q_13,FissionFusion
U5,2310,A,14,U5_2310_Q_14,Astronomy
U5,2310,A,15,U5_2310_Q_15,IdealGasLaw
U5,2310,A,16,U5_2310_Q_16,HeatCapacity
U5,2310,A,17,U5_2310_Q_17,GravitationalField
U5,2310,A,18,U5_2310_Q_18,GravitationalField
U5,2310,A,19,U5_2310_Q_19,Decay
U5,2310,A,20,U5_2310_Q_20,EnergyInOscillation
U5,2310,A,21,U5_2310_Q_21,BlackBodyRadiation
